Timestamp,gas,steam:carbon,primrefsteam,secrefsteam,htstin,htstout,htsta,htstb,htstc,htstd,htsco
2021-07-07 02:00:00+02:00,56309.33000000001,,163919.80000000002,2321.6600000000003,359.458,419.893,381.574,393.954,407.891,416.411,5.499499999999999
2021-07-07 08:00:00+02:00,56149.280000000006,,164858.1,2343.385,359.691,420.05,382.135,394.842,408.48,417.033,5.499499999999999
2021-07-07 14:00:00+02:00,55875.270000000004,,165700.7,2329.327,359.909,419.981,381.886,394.533,408.162,416.577,5.499499999999999
2021-07-07 20:00:00+02:00,56483.9,,165335.5,2254.8460000000005,359.51,420.247,381.643,394.175,408.027,416.626,5.499499999999999
2021-07-08 02:00:00+02:00,56477.630000000005,,164657.90000000002,2248.73,359.784,419.711,381.803,394.221,407.956,416.487,5.499499999999999
2021-07-08 08:00:00+02:00,56251.69000000001,,164065.0,2261.82,359.706,419.973,381.82,394.33,408.295,416.778,5.499499999999999
2021-07-08 14:00:00+02:00,56436.16,,165588.5,2282.8300000000004,359.689,419.836,381.554,394.122,407.919,416.323,5.499499999999999
2021-07-08 20:00:00+02:00,56415.26,,165437.80000000002,2044.7680000000003,359.398,419.861,381.577,393.997,407.702,416.397,5.499499999999999
2021-07-09 02:00:00+02:00,56227.05,,165829.40000000002,2131.107,360.188,420.3,382.399,394.962,409.107,417.355,5.499499999999999
2021-07-09 08:00:00+02:00,56388.64000000001,,165440.0,2173.523,360.18,420.097,382.211,394.823,408.783,417.178,5.499499999999999
2021-07-09 14:00:00+02:00,56412.29000000001,,165397.1,2254.1310000000003,360.157,420.282,382.425,394.914,408.559,417.083,5.499499999999999
2021-07-09 20:00:00+02:00,56355.090000000004,,164752.5,2107.4900000000002,360.175,420.417,382.91,395.523,409.289,417.723,5.499499999999999
2021-07-10 02:00:00+02:00,56377.86,,165244.2,2159.025,360.332,420.449,382.931,395.617,409.242,417.687,5.499499999999999
2021-07-10 08:00:00+02:00,56433.850000000006,,164509.40000000002,2197.2830000000004,360.25,420.437,382.685,395.391,409.251,417.501,5.499499999999999
2021-07-10 14:00:00+02:00,56151.48000000001,,165158.40000000002,2355.254,360.447,420.507,383.373,396.144,409.721,418.218,5.499499999999999
2021-07-10 20:00:00+02:00,56297.450000000004,,165429.0,2241.074,360.229,420.924,382.952,395.664,409.507,417.831,5.499499999999999
2021-07-11 02:00:00+02:00,56157.97,,165036.30000000002,2283.0830000000005,360.424,421.012,383.222,396.053,409.96,418.319,5.499499999999999
2021-07-11 08:00:00+02:00,56450.68000000001,,166516.90000000002,2361.788,360.105,420.529,382.709,395.346,409.123,417.54,5.499499999999999
2021-07-11 14:00:00+02:00,56329.79000000001,,165936.1,2377.4410000000003,359.941,420.424,382.31,394.961,408.727,417.26,5.499499999999999
2021-07-11 20:00:00+02:00,56466.3,2.66986,164971.40000000002,2344.1000000000004,360.109,421.103,382.794,395.609,409.399,418.002,5.499499999999999
2021-07-12 02:00:00+02:00,56299.76,2.64935,163457.80000000002,2338.1490000000003,359.884,421.046,382.394,395.259,409.008,417.495,5.499499999999999
2021-07-12 08:00:00+02:00,56226.39000000001,2.67256,164828.40000000002,2372.1610000000005,359.877,420.574,382.559,395.218,409.187,417.526,5.499499999999999
2021-07-12 14:00:00+02:00,56239.810000000005,2.66547,165050.6,2370.181,359.517,419.914,381.586,394.12,407.956,416.564,5.499499999999999
2021-07-12 20:00:00+02:00,56135.64000000001,2.68824,165553.30000000002,2321.638,359.29,419.819,381.07,393.455,407.512,416.106,5.499499999999999
2021-07-13 02:00:00+02:00,56222.43000000001,2.68328,165589.6,2352.2290000000003,359.345,419.691,381.111,393.526,407.424,416.292,5.499499999999999
2021-07-13 08:00:00+02:00,56389.3,2.66802,165206.80000000002,2379.047,359.273,419.746,380.924,393.293,407.479,416.019,5.499499999999999
2021-07-13 14:00:00+02:00,56390.840000000004,2.65974,164573.2,2378.409,359.457,419.825,380.819,393.163,407.323,416.139,5.499499999999999
2021-07-13 20:00:00+02:00,56198.780000000006,2.68946,165928.40000000002,2148.366,359.019,419.943,381.11,393.716,407.681,416.203,5.499499999999999
2021-07-14 02:00:00+02:00,56322.64000000001,2.66745,164837.2,2328.3810000000003,359.138,419.726,380.803,393.196,407.315,416.034,5.499499999999999
2021-07-14 08:00:00+02:00,56358.280000000006,2.66174,164550.1,2396.5370000000003,359.702,420.194,381.601,394.1,408.156,416.457,5.499499999999999
2021-07-14 14:00:00+02:00,56437.590000000004,2.66309,164996.7,2400.728,359.74,420.573,381.961,394.512,408.685,417.199,5.499499999999999
2021-07-14 20:00:00+02:00,56309.44000000001,2.66602,164663.40000000002,2424.422,360.384,420.628,382.976,395.438,409.368,417.968,5.499499999999999
2021-07-15 02:00:00+02:00,56311.310000000005,2.66869,164892.2,2424.092,359.348,419.92,380.96,393.619,407.571,416.173,5.499499999999999
2021-07-15 08:00:00+02:00,56355.97,2.66624,164920.80000000002,2445.707,359.36,419.631,381.006,393.236,407.037,415.999,5.499499999999999
2021-07-15 14:00:00+02:00,56032.68000000001,2.7149,167010.80000000002,2464.3300000000004,359.532,420.054,381.543,393.94,407.706,416.377,5.499499999999999
2021-07-15 20:00:00+02:00,9.941668,-46.3484,-504.97040000000004,2114.9480000000003,157.247,253.332,284.955,287.986,292.925,297.787,3.4204999999999997
2021-07-16 02:00:00+02:00,4.991118,-128.069,-701.5976,2142.4370000000004,192.576,232.906,282.33,285.517,290.456,295.236,3.4204999999999997
2021-07-16 08:00:00+02:00,-1.7957720000000001,,-849.6466,2174.0730000000003,150.408,211.001,280.77,283.243,287.727,292.198,3.4204999999999997
2021-07-16 14:00:00+02:00,-29.99249,,142035.30000000002,2145.726,128.55,196.403,275.365,279.148,283.398,287.307,3.4204999999999997
2021-07-16 20:00:00+02:00,-40.367140000000006,,144500.40000000002,1943.6560000000002,105.1534,163.042,273.935,278.74,282.96,287.045,3.4204999999999997
2021-07-17 02:00:00+02:00,-43.67242,,146892.90000000002,2094.422,96.2824,138.552,274.02,279.07,283.208,287.425,3.4204999999999997
2021-07-17 08:00:00+02:00,-48.368430000000004,,149141.30000000002,2110.438,86.3688,114.476,273.848,278.803,283.086,287.313,3.4204999999999997
2021-07-17 14:00:00+02:00,-50.379450000000006,,150714.30000000002,2019.8200000000002,78.164,95.701,274.403,278.84,283.316,287.156,3.4204999999999997
2021-07-17 20:00:00+02:00,-49.81559000000001,,152065.1,1583.7140000000002,71.3417,83.7303,275.248,279.148,283.299,287.249,3.4204999999999997
2021-07-18 02:00:00+02:00,-50.69427000000001,,153192.6,1582.746,67.9094,75.9454,276.373,279.606,283.606,287.836,3.4204999999999997
2021-07-18 08:00:00+02:00,-90.77981000000001,-1552.26,154358.6,1650.2200000000003,64.84479999999999,69.1517,277.151,280.245,284.128,288.506,3.4204999999999997
2021-07-18 14:00:00+02:00,-93.37867000000001,-1518.55,155355.2,1672.1870000000001,59.5942,62.5685,277.655,280.637,284.575,289.463,3.4204999999999997
2021-07-18 20:00:00+02:00,-89.00683000000001,-1598.24,155894.2,1527.064,54.7322,57.1657,277.745,281.167,285.231,290.807,3.4204999999999997
2021-07-19 02:00:00+02:00,-89.15533,-1592.88,156619.1,1732.863,50.2972,53.9412,277.507,281.103,285.922,291.935,3.4204999999999997
2021-07-19 08:00:00+02:00,-128.78580000000002,-456.822,64839.83000000001,2607.913,199.044,161.701,160.745,160.487,161.462,162.481,3.4204999999999997
2021-07-19 14:00:00+02:00,14867.93,3.97419,64817.83000000001,4902.909,266.324,255.157,266.337,266.318,267.352,268.598,3.4204999999999997
2021-07-19 20:00:00+02:00,22977.570000000003,3.36587,84867.42,17623.320000000003,273.016,267.89,272.661,272.825,274.02,275.234,3.4204999999999997
2021-07-20 02:00:00+02:00,23240.030000000002,3.3975,86549.98000000001,2540.34,290.791,289.817,291.275,291.989,294.063,296.013,3.4204999999999997
2021-07-20 08:00:00+02:00,28011.83,2.78782,85728.94,2517.284,337.27,398.564,355.516,368.759,383.526,394.788,3.4204999999999997
2021-07-20 14:00:00+02:00,29372.420000000002,2.74348,88275.11000000002,2259.1470000000004,347.661,412.39,377.623,395.788,409.834,416.399,3.389
2021-07-20 20:00:00+02:00,33826.21,2.75119,101718.76000000001,2030.424,347.593,410.396,372.891,388.383,402.639,410.839,3.2457700000000003
2021-07-21 02:00:00+02:00,37248.75,2.77181,111817.20000000001,2057.7920000000004,347.764,410.811,370.303,384.353,398.478,407.445,3.35351
2021-07-21 08:00:00+02:00,41365.280000000006,2.79101,125205.3,1999.7560000000003,350.046,412.91,372.106,386.108,399.935,408.943,3.3225
2021-07-21 14:00:00+02:00,42511.92,2.7779,128210.50000000001,1982.2110000000002,350.781,413.045,372.65,386.344,400.108,409.048,3.3225
2021-07-21 20:00:00+02:00,42329.43000000001,2.78311,128080.70000000001,2045.527,350.567,413.332,372.388,386.093,399.677,408.558,3.3225
2021-07-22 02:00:00+02:00,43898.25,2.82346,132732.6,1992.98,351.367,413.71,373.028,386.724,400.329,409.185,3.3225
2021-07-22 08:00:00+02:00,43876.14000000001,,133403.6,2119.315,351.346,413.806,372.992,386.396,399.785,408.713,3.3225
2021-07-22 14:00:00+02:00,43918.71,,132575.30000000002,2021.0410000000002,351.489,413.865,373.242,386.894,400.456,409.154,3.3225
2021-07-22 20:00:00+02:00,43875.26,,133307.90000000002,1970.0120000000002,351.252,414.149,373.143,386.724,400.385,409.013,3.3225
2021-07-23 02:00:00+02:00,43841.93000000001,2.76335,131650.2,1885.3560000000002,351.386,414.196,373.174,386.92,400.499,409.195,3.3225
2021-07-23 08:00:00+02:00,43924.76,2.77246,132206.80000000002,1896.257,351.516,414.042,373.349,387.129,400.762,409.614,3.3225
2021-07-23 14:00:00+02:00,43828.62,2.79042,132645.7,1887.8970000000002,351.26,414.447,373.109,386.866,400.442,409.177,3.3225
2021-07-23 20:00:00+02:00,47290.32,2.75804,141707.5,1672.913,352.748,415.054,373.829,387.029,400.116,408.683,3.3225
2021-07-24 02:00:00+02:00,50159.01,2.73988,149521.90000000002,1701.678,354.001,416.604,375.097,388.241,401.608,410.334,3.3225
2021-07-24 08:00:00+02:00,52011.630000000005,2.75027,155485.0,1562.957,354.911,416.433,375.628,388.457,401.541,410.175,3.3225
2021-07-24 14:00:00+02:00,53688.58000000001,2.73092,159442.80000000002,1670.5810000000001,356.36,417.777,377.561,390.582,403.604,412.074,3.3225
2021-07-24 20:00:00+02:00,55531.850000000006,2.71019,164329.0,1717.749,356.994,417.976,378.099,391.001,403.858,412.192,3.3225
2021-07-25 02:00:00+02:00,56437.15,2.69455,166985.5,1674.838,357.293,417.904,378.259,391.069,403.811,412.088,3.3225
2021-07-25 08:00:00+02:00,56409.65,2.69674,166925.0,1752.146,356.927,417.311,377.686,390.365,403.037,411.414,3.3225
2021-07-25 14:00:00+02:00,56413.61,2.69617,166903.0,1825.6700000000003,356.081,416.627,376.399,388.86,401.503,410.019,3.3225
2021-07-25 20:00:00+02:00,56409.43000000001,2.70025,166862.30000000002,1792.6480000000001,355.494,415.766,375.276,387.504,400.144,408.746,3.3225
2021-07-26 02:00:00+02:00,56418.67,2.6972,166958.0,1774.8170000000002,355.538,416.017,375.298,387.621,400.267,408.89,3.3225
2021-07-26 08:00:00+02:00,56419.990000000005,2.6939,166882.1,1832.1490000000001,355.507,415.859,375.24,387.52,400.147,408.824,3.3225
2021-07-26 14:00:00+02:00,56412.840000000004,2.69271,166866.7,1830.3010000000002,355.771,415.798,375.348,387.604,400.274,408.936,3.3225
2021-07-26 20:00:00+02:00,56410.64000000001,2.69375,166860.1,1686.883,355.607,415.901,375.349,387.655,400.295,408.945,3.3225
2021-07-27 02:00:00+02:00,56409.76,2.69872,166886.5,1651.5950000000003,355.707,415.931,375.377,387.668,400.378,409.016,3.3225
2021-07-27 08:00:00+02:00,56411.850000000006,2.69682,166941.5,1551.803,355.681,415.86,375.304,387.602,400.287,408.938,3.3225
2021-07-27 14:00:00+02:00,56412.62,2.69377,166827.1,1602.2160000000001,355.726,415.851,375.327,387.618,400.274,408.966,3.3225
2021-07-27 20:00:00+02:00,56408.33000000001,2.69501,166851.30000000002,1858.3950000000002,355.699,415.706,375.113,387.361,400.006,408.709,3.3225
2021-07-28 02:00:00+02:00,56402.17,2.69797,166895.30000000002,1922.5580000000002,355.625,415.825,375.209,387.496,400.176,408.834,3.3225
2021-07-28 08:00:00+02:00,56416.58000000001,2.69452,166937.1,1969.4730000000002,355.477,416.04,375.365,387.731,400.417,409.115,3.3225
2021-07-28 14:00:00+02:00,56415.04000000001,2.69227,166853.5,1976.227,355.671,416.059,375.623,387.974,400.693,409.37,3.3225
2021-07-28 20:00:00+02:00,56402.060000000005,2.69762,166895.30000000002,2003.3640000000003,356.205,416.783,376.553,389.099,401.859,410.495,3.3225
2021-07-29 02:00:00+02:00,56394.47,2.69596,166899.7,1990.6700000000003,356.284,416.956,376.695,389.31,402.099,410.694,3.3225
2021-07-29 08:00:00+02:00,56392.16,2.69842,166915.1,1840.256,356.278,416.707,376.654,389.249,402.021,410.664,3.3225
2021-07-29 14:00:00+02:00,56405.030000000006,2.7066,166864.5,1856.008,356.306,417.041,376.831,389.468,402.241,410.881,3.3225
2021-07-29 20:00:00+02:00,56404.48000000001,2.70648,166888.7,1919.5330000000001,356.427,417.138,377.04,389.672,402.513,411.081,3.3225
2021-07-30 02:00:00+02:00,56388.86,2.70529,166976.7,1845.7780000000002,356.441,417.033,376.806,389.439,402.252,410.83,3.3225
2021-07-30 08:00:00+02:00,56399.42,2.70189,166985.5,1526.6790000000003,356.368,416.73,376.546,389.08,401.901,410.512,3.41922
2021-07-30 14:00:00+02:00,56399.310000000005,2.701,166893.1,1764.631,356.165,416.279,375.887,388.309,401.109,409.766,3.55764
2021-07-30 20:00:00+02:00,56414.16,2.6972,166910.7,2018.258,355.987,415.947,375.522,387.852,400.624,409.257,3.5429399999999998
2021-07-31 02:00:00+02:00,56390.07,2.69881,166896.40000000002,2022.383,356.676,416.877,376.981,389.616,402.428,410.894,3.53716
2021-07-31 08:00:00+02:00,56412.29000000001,2.69864,166934.90000000002,2065.547,356.658,416.988,377.101,389.759,402.566,411.084,3.53102
2021-07-31 14:00:00+02:00,56398.76,2.6979,166888.7,2058.8590000000004,356.308,416.577,376.542,389.092,401.86,410.492,3.80972
2021-07-31 20:00:00+02:00,56400.740000000005,2.69815,166778.7,2081.1450000000004,356.47,416.805,376.876,389.5,402.29,410.886,0.600207
2021-08-01 02:00:00+02:00,56395.350000000006,2.70178,166793.0,2057.638,356.595,416.973,377.033,389.735,402.5,411.086,0.5
2021-08-01 08:00:00+02:00,56404.590000000004,2.6945,166777.6,1993.5520000000001,356.642,417.121,377.217,389.914,402.703,411.301,0.5
2021-08-01 14:00:00+02:00,56412.840000000004,2.6952,166812.80000000002,1949.596,356.656,417.17,377.275,389.972,402.739,411.324,0.5534341
2021-08-01 20:00:00+02:00,56400.08000000001,2.69709,166931.6,2051.291,356.67,417.201,377.34,390.008,402.798,411.361,0.5
2021-08-02 02:00:00+02:00,56410.75000000001,2.69693,166853.5,1805.221,356.654,417.285,377.189,389.897,402.728,411.275,0.5
2021-08-02 08:00:00+02:00,56408.880000000005,2.70051,166802.90000000002,1551.198,356.729,417.451,377.437,390.178,402.965,411.529,0.5
2021-08-02 14:00:00+02:00,56401.18000000001,2.71082,166985.5,1635.8870000000002,356.871,417.321,377.464,390.172,402.985,411.525,0.5
2021-08-02 20:00:00+02:00,56399.200000000004,2.71038,166849.1,2059.552,356.738,417.372,377.429,390.129,402.94,411.484,0.5
2021-08-03 02:00:00+02:00,56394.58000000001,2.7138,166916.2,1533.1580000000001,356.303,416.601,376.457,388.935,401.768,410.377,0.5
2021-08-03 08:00:00+02:00,56414.05,2.7112,166942.6,1631.5200000000002,356.328,416.36,376.29,388.69,401.46,410.058,0.5
2021-08-03 14:00:00+02:00,56416.8,2.70942,166932.7,1842.9400000000003,356.135,416.065,375.922,388.235,401.0,409.604,0.5
2021-08-03 20:00:00+02:00,56410.090000000004,2.69868,166824.90000000002,1989.8670000000002,356.045,415.987,375.85,388.127,400.903,409.472,0.5
2021-08-04 02:00:00+02:00,56411.41,2.69625,166893.1,1981.5840000000003,356.163,416.05,376.014,388.322,401.076,409.609,0.5
2021-08-04 08:00:00+02:00,56412.73000000001,2.69378,166942.6,1965.3590000000002,356.187,416.022,376.03,388.336,401.059,409.6,0.5
2021-08-04 14:00:00+02:00,56414.16,2.69355,166883.2,2133.23,356.215,416.027,376.089,388.363,401.072,409.592,0.5
2021-08-04 20:00:00+02:00,56420.65,2.69447,166804.0,2159.905,356.116,416.105,376.131,388.394,401.137,409.603,0.5
2021-08-05 02:00:00+02:00,56418.12,2.69548,166928.30000000002,2182.675,356.282,416.315,376.404,388.767,401.508,409.946,0.5
2021-08-05 08:00:00+02:00,56405.25000000001,2.69304,166756.7,2193.433,356.29,416.228,376.304,388.658,401.391,409.84,0.5
2021-08-05 14:00:00+02:00,56389.740000000005,2.69592,166842.5,2172.06,356.417,416.476,376.58,388.984,401.733,410.198,0.5
2021-08-05 20:00:00+02:00,56418.340000000004,2.69753,166989.90000000002,1830.5870000000002,356.513,416.977,376.85,389.409,402.259,410.756,0.5
2021-08-06 02:00:00+02:00,56392.16,2.69705,166856.80000000002,1759.3950000000002,356.498,417.066,376.885,389.507,402.335,410.862,0.5
2021-08-06 08:00:00+02:00,56401.73000000001,2.69773,166950.30000000002,1709.6420000000003,356.534,417.083,376.894,389.499,402.339,410.863,0.5
2021-08-06 14:00:00+02:00,56401.950000000004,2.69821,166878.80000000002,1560.471,356.512,417.122,376.86,389.434,402.286,410.836,0.5
2021-08-06 20:00:00+02:00,56414.93000000001,2.69771,166919.5,1625.1180000000002,356.513,417.116,376.911,389.515,402.368,410.867,0.5
2021-08-07 02:00:00+02:00,56401.07,2.69823,166846.90000000002,1527.053,356.574,417.105,376.961,389.621,402.447,411.017,0.5
2021-08-07 08:00:00+02:00,56417.79000000001,2.69779,166886.5,1656.655,356.512,417.115,376.953,389.582,402.374,410.989,0.5
2021-08-07 14:00:00+02:00,56406.020000000004,2.69733,166908.5,1538.46,356.507,417.077,376.925,389.566,402.359,410.944,0.5
2021-08-07 20:00:00+02:00,56402.17,2.69861,166971.2,1386.847,356.653,417.078,377.095,389.717,402.503,411.077,0.5
2021-08-08 02:00:00+02:00,56411.850000000006,2.69859,166862.30000000002,1383.8990000000001,356.65,417.14,377.057,389.673,402.478,411.06,0.5
2021-08-08 08:00:00+02:00,56426.15,2.69868,166896.40000000002,1437.183,356.717,417.13,377.078,389.74,402.519,411.085,0.5
2021-08-08 14:00:00+02:00,56420.54000000001,2.69837,166876.6,1471.3600000000001,356.76,417.117,377.119,389.774,402.539,411.105,0.5
2021-08-08 20:00:00+02:00,56410.75000000001,2.69969,166980.0,1553.3430000000003,356.593,416.962,376.947,389.586,402.352,410.93,0.5
2021-08-09 02:00:00+02:00,56408.770000000004,2.69838,166856.80000000002,1856.1180000000002,356.624,416.744,376.929,389.522,402.223,410.816,0.5
2021-08-09 08:00:00+02:00,56421.97,2.69879,166908.5,1859.077,356.41,416.661,376.602,389.155,401.911,410.503,0.5
2021-08-09 14:00:00+02:00,56403.16,2.70074,166899.7,1852.785,356.305,416.514,376.535,389.025,401.735,410.355,0.5
2021-08-09 20:00:00+02:00,56404.700000000004,2.70545,166943.7,1799.721,356.255,416.584,376.556,389.02,401.799,410.382,0.5
2021-08-10 02:00:00+02:00,56408.22,2.70487,166901.90000000002,1828.3540000000003,356.143,416.419,376.166,388.628,401.402,410.016,0.5
2021-08-10 08:00:00+02:00,56426.48000000001,2.70429,166915.1,1676.95,356.511,416.441,376.517,388.97,401.724,410.354,0.5
2021-08-10 14:00:00+02:00,56411.630000000005,2.70196,166839.2,1849.496,356.399,416.264,376.247,388.637,401.389,410.042,0.5
2021-08-10 20:00:00+02:00,56412.07,2.70553,166925.0,1853.9180000000003,356.284,416.433,376.342,388.784,401.556,410.178,0.5
2021-08-11 02:00:00+02:00,56408.00000000001,2.70541,166904.1,1594.3290000000002,356.495,416.408,376.388,388.807,401.575,410.195,0.5
2021-08-11 08:00:00+02:00,56420.32,2.70269,166886.5,1553.2330000000002,356.446,416.442,376.372,388.799,401.549,410.163,0.5
2021-08-11 14:00:00+02:00,56409.76,2.7024,166823.80000000002,1730.333,356.424,416.474,376.422,388.829,401.603,410.21,0.5
2021-08-11 20:00:00+02:00,56424.83000000001,2.70063,166800.7,1792.45,356.26,416.521,376.362,388.834,401.62,410.198,0.5
2021-08-12 02:00:00+02:00,56418.23000000001,2.70477,166984.40000000002,1640.771,356.336,416.662,376.335,388.856,401.625,410.206,0.5
2021-08-12 08:00:00+02:00,56416.91,2.70178,166865.6,1793.4290000000003,356.367,416.716,376.433,388.928,401.718,410.293,0.5
2021-08-12 14:00:00+02:00,56422.520000000004,2.70267,166945.90000000002,1590.4900000000002,356.438,416.527,376.401,388.838,401.6,410.172,1.99867
2021-08-12 20:00:00+02:00,56644.72,2.7026,167619.1,1725.394,356.453,416.453,376.321,388.688,401.498,410.047,3.23201
2021-08-13 02:00:00+02:00,56703.020000000004,2.7025,167772.0,1405.9540000000002,356.592,416.438,376.328,388.721,401.481,410.038,3.23127
2021-08-13 08:00:00+02:00,56703.46000000001,2.70421,167805.0,1387.8590000000002,356.58,416.469,376.392,388.808,401.571,410.148,3.2276100000000003
2021-08-13 14:00:00+02:00,56699.94000000001,2.70328,167792.90000000002,1491.325,356.526,416.587,376.456,388.864,401.642,410.218,3.21643
2021-08-13 20:00:00+02:00,56958.770000000004,2.70462,168493.6,1448.711,356.519,416.604,376.396,388.773,401.538,410.055,3.1960499999999996
2021-08-14 02:00:00+02:00,56929.62,2.70518,168667.40000000002,1021.6723000000001,357.022,416.839,376.964,389.447,402.179,410.664,3.18128
2021-08-14 08:00:00+02:00,56936.880000000005,2.70006,168531.0,1085.9717,357.696,417.646,378.141,390.838,403.621,411.958,3.16435
2021-08-14 14:00:00+02:00,56957.12,2.70001,168590.40000000002,1191.0140000000001,357.808,417.738,378.333,391.044,403.812,412.116,3.16169
2021-08-26 08:00:00+02:00,58011.25000000001,2.70463,171360.2,1455.8170000000002,357.576,417.407,377.382,389.836,402.5,411.029,0.5
2021-08-26 14:00:00+02:00,57794.880000000005,2.7122,171468.0,1528.9010000000003,357.284,417.23,377.058,389.474,402.27,410.687,0.5
2021-08-26 20:00:00+02:00,57706.22,2.70716,171425.1,1684.0890000000002,357.159,416.975,376.815,389.105,401.832,410.454,0.5
2021-08-27 02:00:00+02:00,57477.64000000001,2.70287,170201.90000000002,1344.3540000000003,357.884,417.65,378.304,390.803,403.991,412.127,0.5
2021-08-27 08:00:00+02:00,57474.67,2.71678,171316.2,1326.71,358.406,418.012,378.847,391.368,404.126,412.538,0.5
2021-08-27 14:00:00+02:00,57549.8,2.69222,170195.30000000002,1278.4420000000002,358.44,418.146,378.81,391.643,404.376,412.733,0.5
2021-08-27 20:00:00+02:00,57601.280000000006,2.70045,170692.5,1711.3360000000002,358.447,418.378,379.082,391.763,404.413,412.737,0.5
2021-08-28 02:00:00+02:00,57376.33000000001,2.70932,170410.90000000002,1432.255,358.471,418.842,379.551,392.414,405.192,413.414,0.5
2021-08-28 08:00:00+02:00,57657.600000000006,2.68532,169827.90000000002,1088.5501000000002,358.644,418.706,379.559,392.422,405.075,413.361,0.5
2021-08-28 14:00:00+02:00,57262.92,2.72446,171191.90000000002,1118.931,358.743,418.712,379.488,392.355,405.201,413.468,0.5
2021-08-28 20:00:00+02:00,57549.36,2.70565,170904.80000000002,1653.2010000000002,358.688,418.726,379.481,392.469,404.859,413.247,0.5
2021-08-29 02:00:00+02:00,57568.94000000001,2.73096,172153.30000000002,1264.263,358.756,418.894,379.626,392.71,405.355,413.585,0.5
2021-08-29 08:00:00+02:00,58003.33000000001,2.68264,170503.30000000002,1166.825,358.776,418.667,379.463,392.337,405.077,413.324,0.5
2021-08-29 14:00:00+02:00,57820.950000000004,2.69479,170830.0,1124.233,358.762,418.841,379.592,392.463,405.246,413.398,0.5
2021-08-29 20:00:00+02:00,57816.33000000001,2.68923,170487.90000000002,1319.769,358.821,418.582,379.712,392.46,405.0,413.235,0.5
2021-08-30 02:00:00+02:00,57787.4,2.70038,171312.90000000002,1280.257,358.722,418.579,379.371,392.208,404.929,412.975,1.6675
2021-08-30 08:00:00+02:00,57760.23000000001,2.69811,170977.40000000002,1046.4388000000001,358.892,418.944,379.629,392.515,405.213,413.46,1.6675
2021-08-30 14:00:00+02:00,57881.12,2.6955,171150.1,1201.222,358.837,418.772,379.499,392.369,404.898,413.244,1.6675
2021-08-30 20:00:00+02:00,57927.87,2.69147,171028.0,1071.0634,359.032,419.181,380.027,392.835,405.607,413.753,3.71501
2021-08-31 02:00:00+02:00,57723.71000000001,2.70574,171265.6,1372.228,359.454,419.686,380.672,393.967,406.713,414.769,3.804
2021-08-31 08:00:00+02:00,57670.91,2.69058,170196.40000000002,1202.278,359.434,419.506,380.513,393.597,406.271,414.518,3.7485
2021-08-31 14:00:00+02:00,57925.450000000004,2.69356,171139.1,1314.7420000000002,359.427,419.513,380.539,393.552,406.299,414.506,3.7287999999999997
2021-08-31 20:00:00+02:00,57710.51,2.70522,171283.2,1357.8950000000002,359.404,419.371,380.677,393.58,406.191,414.275,3.7259999999999995
2021-09-01 02:00:00+02:00,57874.96000000001,2.69579,171055.5,1522.18,359.419,419.682,380.5,393.611,406.462,414.495,3.7515
2021-09-01 08:00:00+02:00,57867.700000000004,2.69331,170871.80000000002,1400.696,359.375,419.454,380.6,393.663,406.466,414.58,3.7245000000000004
2021-09-01 14:00:00+02:00,57775.96000000001,2.70394,171270.0,1028.9928,359.547,419.563,380.639,393.726,406.322,414.5,3.6700399999999997
2021-09-01 20:00:00+02:00,57818.200000000004,2.69058,170745.30000000002,1589.3900000000003,359.547,419.452,380.352,393.39,405.997,414.082,3.689
2021-09-02 02:00:00+02:00,57734.82,2.70485,171279.90000000002,1584.9680000000003,359.592,419.595,380.682,393.784,406.317,414.405,3.7175000000000002
2021-09-02 08:00:00+02:00,57829.310000000005,2.70864,171751.80000000002,1602.392,359.519,419.632,380.554,393.522,406.101,414.477,3.6879
2021-09-02 14:00:00+02:00,57790.26,2.69313,170548.40000000002,1620.146,358.95,419.104,379.748,392.658,405.408,413.583,3.716
2021-09-02 20:00:00+02:00,57916.98000000001,2.69028,170872.90000000002,1723.1280000000002,358.869,418.01,378.95,391.426,403.919,412.267,3.735
2021-09-03 02:00:00+02:00,57725.69000000001,2.71388,171828.80000000002,1339.6900000000003,358.53,418.629,378.985,391.786,404.301,412.821,3.814
2021-09-03 08:00:00+02:00,57851.42,2.70671,171476.80000000002,1785.256,358.519,418.451,379.077,391.828,404.503,412.854,3.77491
2021-09-03 14:00:00+02:00,57846.47,2.71213,171512.0,1765.038,358.856,418.871,379.598,392.439,405.217,413.752,3.7911900000000003
2021-09-03 20:00:00+02:00,57686.86,2.7072,170812.40000000002,1759.505,358.756,418.774,379.39,392.128,404.684,412.97,3.841
2021-09-04 02:00:00+02:00,57733.39000000001,2.72366,171683.6,1711.0170000000003,358.444,418.248,378.856,391.431,404.231,412.428,3.8538400000000004
2021-09-04 08:00:00+02:00,57687.3,2.7213,171704.5,1838.3090000000002,358.464,418.704,379.094,392.051,404.581,413.039,3.85887
2021-09-04 14:00:00+02:00,57873.090000000004,2.71246,171822.2,1845.613,358.937,419.003,379.63,392.625,405.217,413.538,3.8406
2021-09-04 20:00:00+02:00,57767.16,2.69857,170970.80000000002,1531.7060000000001,358.431,418.238,378.978,391.642,404.132,412.57,3.88508
2021-09-05 02:00:00+02:00,57876.61,2.69778,170929.0,1708.3880000000001,358.433,418.525,378.743,391.623,404.243,412.49,3.8625000000000003
2021-09-05 08:00:00+02:00,57844.82,2.70241,171128.1,1797.202,358.628,418.627,379.096,391.793,404.401,412.708,3.87218
2021-09-05 14:00:00+02:00,57896.19000000001,2.69833,170756.30000000002,1741.1900000000003,358.585,418.548,378.869,391.725,404.321,412.743,3.8365
2021-09-05 20:00:00+02:00,57765.51,2.69388,170288.80000000002,1469.0390000000002,358.383,418.616,379.067,391.621,404.285,412.652,3.8819000000000004
2021-09-06 02:00:00+02:00,57802.25000000001,2.7,170437.30000000002,1643.114,358.41,418.324,378.786,391.464,404.202,412.374,3.84787
2021-09-06 08:00:00+02:00,57781.79000000001,2.70952,171276.6,1650.6930000000002,358.722,418.464,379.304,391.816,404.554,412.957,3.873
2021-09-06 14:00:00+02:00,57799.060000000005,2.71002,171325.0,1917.366,358.782,418.45,379.317,391.813,404.605,412.85,3.88746
2021-09-06 20:00:00+02:00,57749.89000000001,2.70311,170979.6,1800.832,358.305,418.154,378.027,390.514,403.373,411.827,3.9166000000000003
2021-09-07 02:00:00+02:00,57782.780000000006,2.71272,170689.2,1906.025,358.098,417.675,377.913,390.351,402.958,411.388,3.8890700000000002
2021-09-07 08:00:00+02:00,57841.3,2.70809,170484.6,1866.546,358.282,417.989,378.124,390.559,403.339,411.917,3.9099999999999997
2021-09-07 14:00:00+02:00,57924.020000000004,2.71152,171376.7,1354.056,358.095,418.147,378.368,390.966,403.57,412.194,3.9655
2021-09-07 20:00:00+02:00,57771.89000000001,2.72047,171679.2,1862.2340000000002,358.24,417.976,378.178,390.672,403.217,411.764,3.943
2021-09-08 02:00:00+02:00,57879.91,2.698,170571.5,1999.921,358.049,418.135,378.098,390.789,403.483,411.919,3.9535000000000005
2021-09-08 08:00:00+02:00,57804.01,2.70747,171131.40000000002,1472.713,357.949,417.851,378.022,390.34,403.223,411.618,3.94
2021-09-08 14:00:00+02:00,57763.530000000006,2.70611,170929.0,1434.0480000000002,358.188,417.723,378.06,390.744,403.251,411.786,4.0080100000000005
2021-09-08 20:00:00+02:00,57709.520000000004,2.72165,171871.7,1752.4980000000003,358.047,417.411,377.432,390.016,402.468,410.877,3.995
2021-09-09 02:00:00+02:00,57585.22,2.69283,169512.2,1423.0480000000002,357.979,417.833,378.007,390.653,403.455,411.59,4.0115
2021-09-09 08:00:00+02:00,57595.340000000004,2.73234,171714.40000000002,1003.6543000000001,357.874,417.618,378.139,390.89,403.234,411.623,4.006
2021-09-09 14:00:00+02:00,57770.020000000004,2.70693,171517.5,1101.496,358.06,417.624,377.955,390.454,402.964,411.493,4.0305
2021-09-09 20:00:00+02:00,57588.96000000001,2.73545,172056.5,1508.364,358.258,417.997,378.354,390.958,403.562,411.917,4.0683
2021-09-10 02:00:00+02:00,57666.4,2.72777,171800.2,1341.978,358.824,418.582,379.325,391.978,404.515,412.844,4.07072
2021-09-10 08:00:00+02:00,57808.520000000004,2.70306,170852.0,1409.8590000000002,358.824,418.66,379.325,392.194,404.758,413.071,4.1165
2021-09-10 14:00:00+02:00,57834.92,2.70634,171073.1,1448.073,358.851,418.723,379.542,392.119,404.917,413.119,4.116160000000001
2021-09-10 20:00:00+02:00,57954.600000000006,2.70741,171020.30000000002,987.7373000000001,358.858,418.652,379.311,392.113,404.653,412.877,4.0995
2021-09-11 02:00:00+02:00,57721.29000000001,2.69917,169915.90000000002,1521.905,358.973,418.225,378.818,391.587,404.33,412.317,4.127
2021-09-11 08:00:00+02:00,57963.840000000004,2.71224,171348.1,1575.0130000000001,359.059,418.95,379.803,392.448,405.122,413.514,4.146100000000001
2021-09-11 14:00:00+02:00,57988.590000000004,2.69541,170765.1,1581.228,358.655,419.38,379.266,392.091,404.922,413.33,4.2545
2021-09-11 20:00:00+02:00,57876.060000000005,2.70086,170766.2,1658.03,358.982,418.713,379.315,392.052,404.722,413.045,4.2005
2021-09-12 02:00:00+02:00,57740.21000000001,2.6967,169970.90000000002,1583.142,358.844,418.672,379.098,391.785,404.553,412.753,4.25294
2021-09-12 08:00:00+02:00,57744.39000000001,2.7192,171527.40000000002,1645.5670000000002,359.085,418.976,379.62,392.157,405.006,413.44,4.2165
2021-09-12 14:00:00+02:00,57744.39000000001,2.71494,171397.6,1629.6280000000002,359.174,419.09,379.884,392.596,405.224,413.603,4.276999999999999
2021-09-12 20:00:00+02:00,57950.75000000001,2.70965,171212.80000000002,1662.6170000000002,359.043,418.777,379.459,392.212,404.746,413.064,4.2455
2021-09-13 02:00:00+02:00,58073.73000000001,2.69651,170778.30000000002,1176.0870000000002,358.87,418.712,379.293,392.012,404.646,413.027,4.30535
2021-09-13 08:00:00+02:00,58061.850000000006,2.70565,171789.2,1463.924,359.051,418.848,379.676,392.384,404.944,413.361,4.3
2021-09-13 14:00:00+02:00,58155.130000000005,2.7062,172103.80000000002,1574.6060000000002,358.972,418.917,379.619,392.193,404.984,413.198,4.3315
2021-09-13 20:00:00+02:00,57979.020000000004,2.71269,171849.7,1152.5800000000002,359.027,418.821,379.548,392.097,404.807,413.167,4.327
2021-09-14 02:00:00+02:00,58100.020000000004,2.71165,172053.2,1599.642,358.978,419.034,379.387,392.31,404.817,413.244,4.3485
2021-09-14 08:00:00+02:00,58201.66,2.69179,171469.1,1617.88,359.223,418.914,379.79,392.461,405.084,413.552,4.383000000000001
2021-09-14 14:00:00+02:00,57972.97,2.72105,172421.7,1482.855,359.225,418.806,379.4,392.071,404.912,413.127,4.36633
2021-09-14 20:00:00+02:00,58048.76,2.69672,171194.1,1251.2720000000002,359.061,418.963,379.391,392.157,404.924,413.201,4.4085
2021-09-15 02:00:00+02:00,57946.46000000001,2.73171,173027.80000000002,1132.846,358.942,418.865,379.595,392.258,404.984,413.393,4.39381
2021-09-15 08:00:00+02:00,57866.71000000001,2.72051,172285.30000000002,1570.6900000000003,359.107,419.009,379.831,392.582,405.178,413.55,4.42
2021-09-15 13:40:00+02:00,57929.08000000001,2.71003,171993.80000000002,1666.489,359.242,419.061,379.904,392.821,405.361,413.797,4.4559999999999995
2021-09-15 19:20:00+02:00,58103.21000000001,2.69855,171531.80000000002,1553.9920000000002,359.319,419.038,379.925,392.769,405.191,413.483,4.477
2021-09-16 01:00:00+02:00,58201.44000000001,2.69429,171198.5,1436.5560000000003,359.487,419.154,380.155,392.97,405.648,414.07,4.475999999999999
2021-09-16 07:00:00+02:00,58089.68000000001,2.70791,171815.6,1436.633,359.33,419.216,380.069,392.768,405.61,413.988,4.464
2021-09-16 13:00:00+02:00,58137.75000000001,2.70794,171806.80000000002,1155.374,358.552,418.526,378.584,391.39,403.865,412.434,4.5096300000000005
2021-09-16 19:00:00+02:00,58198.47,2.70628,171794.7,1090.7963000000002,358.146,417.892,378.073,390.489,403.085,411.726,4.5184999999999995
2021-09-17 01:00:00+02:00,58014.22,2.7142,171490.0,1595.2200000000003,357.768,417.741,377.77,390.127,402.764,411.306,4.5794999999999995
2021-09-17 07:00:00+02:00,58182.41,2.70258,171396.5,1028.0358,357.97,417.742,377.754,390.342,402.885,411.433,4.5435
2021-09-17 13:00:00+02:00,58061.520000000004,2.71333,171751.80000000002,1488.2120000000002,358.48,417.986,378.279,390.828,403.45,412.081,4.55277
2021-09-17 19:00:00+02:00,58018.840000000004,2.72855,172491.0,1311.948,357.856,417.174,377.456,389.836,402.386,410.935,4.5975
2021-09-18 01:00:00+02:00,57939.75000000001,2.7231,172191.80000000002,1726.8020000000001,357.719,417.383,377.348,389.726,402.258,411.045,4.572
2021-09-18 07:00:00+02:00,58218.270000000004,2.6984,171374.5,1463.286,357.713,417.472,377.313,389.444,402.094,410.739,4.6025
2021-09-18 13:00:00+02:00,58147.65,2.71811,172328.2,1544.6530000000002,358.054,417.117,377.03,389.469,402.108,410.816,4.58814
2021-09-18 19:00:00+02:00,58007.18000000001,2.70757,171151.2,1614.1620000000003,357.875,417.104,377.356,389.403,402.119,410.678,4.598
2021-09-19 01:00:00+02:00,58094.850000000006,2.7223,172484.40000000002,1725.3060000000003,357.949,417.335,377.527,389.62,402.253,410.899,4.5965
2021-09-19 07:00:00+02:00,58004.87,2.71459,171630.80000000002,1772.969,357.895,417.214,377.264,389.474,401.975,410.67,4.6389700000000005
2021-09-19 13:00:00+02:00,58140.060000000005,2.71079,171871.7,1754.7640000000001,357.982,417.192,377.138,389.48,402.055,410.736,4.6445
2021-09-19 19:00:00+02:00,58156.780000000006,2.70469,171261.2,1837.0110000000002,357.997,416.977,377.361,389.237,401.739,410.541,4.64235
2021-09-20 01:00:00+02:00,57987.490000000005,2.69427,170531.90000000002,1362.086,358.274,417.63,377.835,390.356,402.548,411.11,4.41536
2021-09-20 07:00:00+02:00,58045.350000000006,2.71147,171308.5,1220.747,358.231,417.703,377.716,390.302,402.995,411.306,4.4715
2021-09-20 13:00:00+02:00,58185.270000000004,2.70671,171767.2,1379.3890000000001,358.489,418.026,377.827,390.475,403.028,411.155,4.4445
2021-09-20 19:00:00+02:00,58037.32,2.72476,172792.40000000002,1822.5020000000002,359.211,418.506,379.252,391.895,404.773,413.012,4.44132
2021-09-21 01:00:00+02:00,58146.880000000005,2.70652,171820.0,1822.3700000000001,359.57,418.858,379.818,392.887,405.422,413.932,4.43185
2021-09-21 07:00:00+02:00,58091.22,2.7122,171800.2,1799.0500000000002,359.505,419.217,380.097,392.786,405.493,413.882,4.47402
2021-09-21 13:00:00+02:00,57921.71000000001,2.71506,171226.0,1722.006,358.81,418.572,379.11,391.661,404.244,412.772,4.461
2021-09-21 19:00:00+02:00,58036.11,2.71312,171640.7,1846.174,358.517,418.148,378.385,391.078,403.577,411.976,4.47891
2021-09-22 01:00:00+02:00,58107.61,2.71042,171882.7,1680.657,357.289,416.907,376.382,388.616,401.039,409.663,4.5045
2021-09-22 07:00:00+02:00,58167.01,2.70512,171827.7,1688.3680000000002,357.618,417.18,376.879,389.157,401.812,410.679,4.5680000000000005
2021-09-22 13:00:00+02:00,58128.62,2.70098,171416.30000000002,1634.9850000000001,357.099,416.704,376.286,388.437,401.121,409.642,4.5535000000000005
2021-09-22 19:00:00+02:00,58096.72,2.71323,171960.80000000002,1710.5220000000002,357.678,417.053,377.054,389.364,401.771,410.595,4.549259999999999
2021-09-23 01:00:00+02:00,58003.33000000001,2.71354,171660.5,1774.41,357.524,416.785,376.836,389.041,401.535,410.275,4.579
2021-09-23 07:00:00+02:00,58119.490000000005,2.71207,171893.7,1374.0870000000002,357.739,417.18,376.873,389.405,401.795,410.591,4.57287
2021-09-23 13:00:00+02:00,58128.840000000004,2.71518,171997.1,1247.961,357.91,417.348,377.451,389.754,402.237,410.973,4.59033
2021-09-23 19:00:00+02:00,58140.39000000001,2.70762,171969.6,1497.573,357.841,417.277,377.562,389.831,402.218,410.966,4.587
2021-09-24 01:00:00+02:00,58106.950000000004,2.71173,171807.90000000002,1476.255,357.648,417.587,377.227,389.644,402.237,411.07,4.631
2021-09-24 07:00:00+02:00,58114.100000000006,2.70609,171572.5,1161.182,357.681,416.93,377.036,389.353,401.79,410.508,4.59526
2021-09-24 13:00:00+02:00,58054.15,2.7101,171746.30000000002,1159.0810000000001,357.942,417.056,377.177,389.523,401.974,410.714,4.617
2021-09-24 19:00:00+02:00,58066.8,2.71331,172036.7,1851.2230000000002,357.461,416.871,376.895,389.139,401.589,410.175,4.5755
2021-09-25 01:00:00+02:00,58077.14000000001,2.69596,171393.2,1777.9740000000002,358.022,417.486,377.753,390.102,402.742,411.127,4.57519
2021-09-25 07:00:00+02:00,57990.240000000005,2.71107,172156.6,1320.209,358.195,417.501,377.531,389.983,402.49,411.074,4.611
2021-09-25 13:00:00+02:00,58045.79000000001,2.70813,171961.90000000002,1336.1150000000002,358.263,417.554,377.569,390.124,402.66,411.145,4.586
2021-09-25 19:00:00+02:00,57996.73000000001,2.69248,170858.6,1698.5760000000002,358.044,417.734,377.937,390.145,402.641,411.035,4.536
2021-09-26 01:00:00+02:00,57931.61,2.73367,173049.80000000002,1791.3390000000002,358.731,418.688,378.99,391.854,404.699,412.848,4.52165
2021-09-26 07:00:00+02:00,58145.560000000005,2.68791,171519.7,1752.5420000000001,359.054,418.702,379.273,391.911,404.555,412.938,4.565980000000001
2021-09-26 13:00:00+02:00,58094.96000000001,2.69853,172068.6,1394.4150000000002,358.794,418.513,378.995,391.547,404.268,412.549,4.5805
2021-09-26 19:00:00+02:00,58227.62,2.67833,171351.40000000002,1766.325,358.624,418.535,379.015,391.642,404.238,412.581,4.5606
2021-09-27 01:00:00+02:00,58060.200000000004,2.69485,171601.1,1442.441,359.502,419.317,380.167,392.954,405.599,413.966,4.55867
2021-09-27 07:00:00+02:00,58052.39000000001,2.70236,171826.6,1963.269,359.367,419.175,379.952,392.739,405.213,413.52,4.55485
2021-09-27 13:00:00+02:00,57945.58000000001,2.73888,172773.7,1904.43,359.491,419.372,379.928,392.871,405.455,413.825,4.619
2021-09-27 19:00:00+02:00,58077.8,2.7141,172444.80000000002,1606.1430000000003,359.372,419.319,380.258,392.996,405.721,414.085,4.593
2021-09-28 01:00:00+02:00,58103.76,2.71376,172495.40000000002,1814.857,358.814,418.676,379.333,391.927,404.471,412.7,4.5985000000000005
2021-09-28 07:00:00+02:00,58121.58000000001,2.69866,171724.30000000002,1749.913,359.386,419.147,380.222,392.778,405.607,413.766,4.5649999999999995
2021-09-28 13:00:00+02:00,57982.98000000001,2.70874,171707.80000000002,1687.1580000000001,359.119,419.048,379.734,392.408,405.033,413.445,4.574
2021-09-28 19:00:00+02:00,58193.3,2.69701,171877.2,1703.174,359.207,418.968,379.854,392.466,405.074,413.575,4.6129999999999995
2021-09-29 01:00:00+02:00,58163.270000000004,2.70228,171748.5,1451.3840000000002,359.259,419.039,379.607,392.322,404.879,413.269,4.5969999999999995
2021-09-29 07:00:00+02:00,58143.58000000001,2.70176,171865.1,1433.2450000000001,359.496,419.455,380.175,392.895,405.582,413.823,4.5905
2021-09-29 13:00:00+02:00,58141.71000000001,2.70298,171673.7,1420.771,359.371,419.079,380.041,392.734,405.426,413.544,4.5765
2021-09-29 19:00:00+02:00,57910.82,2.71227,171762.80000000002,1349.458,359.346,419.045,379.973,392.656,405.332,413.517,4.603
2021-09-30 01:00:00+02:00,58047.33000000001,2.7085,172035.6,1035.8777,360.093,419.241,380.686,393.54,406.242,414.506,4.60017
2021-09-30 07:00:00+02:00,58057.67,2.72077,172554.80000000002,1213.1680000000001,359.448,419.379,380.339,392.906,405.435,413.659,4.6114999999999995
2021-09-30 13:00:00+02:00,58212.990000000005,2.7002,172100.5,1354.265,359.685,419.81,380.679,393.657,406.228,414.56,4.585500000000001
2021-09-30 19:00:00+02:00,58168.33000000001,2.71255,171805.7,1567.7090000000003,359.884,419.97,381.112,393.979,406.598,414.837,4.6285
2021-10-01 01:00:00+02:00,58125.43000000001,2.70397,171740.80000000002,1387.5950000000003,359.66,419.351,380.297,393.166,405.704,413.921,4.5705
2021-10-01 07:00:00+02:00,58124.770000000004,2.71538,172618.6,1653.685,359.4,419.387,379.976,392.657,405.412,413.778,4.60883
2021-10-01 13:00:00+02:00,58132.36,2.69486,171561.5,1759.7250000000001,359.502,419.52,380.219,393.015,405.616,413.976,4.593
2021-10-01 19:00:00+02:00,58085.50000000001,2.70028,172056.5,1507.682,360.066,420.3,381.392,394.351,406.934,415.1,4.609
2021-10-02 01:00:00+02:00,58024.12,2.70144,171900.30000000002,1773.255,359.772,419.776,380.619,393.376,406.072,414.176,4.6305000000000005
2021-10-02 07:00:00+02:00,58243.240000000005,2.68138,171199.6,1558.249,359.284,419.511,380.172,393.055,405.51,414.047,4.6388
2021-10-02 13:00:00+02:00,58157.44000000001,2.70403,172221.5,1728.1770000000001,358.643,417.727,378.103,390.28,402.997,411.539,4.68062
2021-10-02 19:00:00+02:00,58169.21000000001,2.70733,172419.5,1605.8790000000001,358.438,417.689,378.121,390.444,403.07,411.437,4.62
2021-10-03 01:00:00+02:00,57933.37,2.71095,171879.40000000002,1812.4920000000002,358.311,418.044,378.087,390.444,403.014,411.518,4.6745600000000005
2021-10-03 07:00:00+02:00,58070.21000000001,2.70822,172198.40000000002,1839.1670000000001,358.415,417.811,378.021,390.341,402.817,411.496,4.6645
2021-10-03 13:00:00+02:00,58233.67,2.70205,172269.90000000002,1546.7760000000003,358.325,417.785,378.055,390.497,402.934,411.547,4.685
2021-10-03 19:00:00+02:00,58175.37,2.6962,171630.80000000002,1762.4640000000002,357.998,417.626,377.583,389.781,402.076,410.961,4.694
2021-10-04 01:00:00+02:00,58008.61,2.72715,172392.0,1359.094,358.516,418.066,378.466,390.846,403.387,411.826,4.6755
2021-10-04 07:00:00+02:00,57963.07,2.68936,170742.0,1903.4510000000002,358.412,418.381,378.622,391.023,403.66,412.32,4.68907
2021-10-04 13:00:00+02:00,58078.79000000001,2.69883,171466.90000000002,1953.4460000000001,358.394,418.081,378.336,390.552,403.257,411.751,4.69
2021-10-04 19:00:00+02:00,58069.33000000001,2.6948,172119.2,1591.6340000000002,359.367,418.817,380.005,392.632,405.205,413.342,4.6325
2021-10-05 01:00:00+02:00,58010.37,2.71672,172516.30000000002,1569.4250000000002,359.493,419.378,380.465,393.387,405.988,414.209,4.61197
2021-10-05 07:00:00+02:00,57958.12,2.7032,171400.90000000002,1504.338,359.761,419.582,380.587,393.331,405.997,414.313,4.6365
2021-10-05 13:00:00+02:00,58109.15,2.71055,172460.2,1860.188,359.484,419.155,380.114,392.755,405.381,413.679,4.6739999999999995
2021-10-05 19:00:00+02:00,58190.33000000001,2.68939,171430.6,1574.0780000000002,359.321,419.157,379.858,392.358,404.893,413.484,4.62729
2021-10-06 01:00:00+02:00,58208.590000000004,2.68797,171132.5,1392.16,359.789,419.726,380.765,393.608,406.21,414.408,4.61695
2021-10-06 07:00:00+02:00,58063.280000000006,2.70542,172053.2,1163.8990000000001,359.529,419.616,380.35,393.098,405.82,414.03,4.6265
2021-10-06 13:00:00+02:00,58101.01,2.71358,172525.1,1130.921,359.262,418.882,379.468,392.128,404.58,412.932,4.6805
2021-10-06 19:00:00+02:00,57926.770000000004,2.73862,173805.5,1195.6450000000002,359.194,418.189,379.156,391.69,404.143,412.47,4.6425
2021-10-07 01:00:00+02:00,58020.93000000001,2.70124,171435.0,1003.9546000000001,359.052,418.538,379.17,391.686,404.22,412.492,4.6209999999999996
2021-10-07 07:00:00+02:00,58033.91,2.70799,172141.2,1171.9510000000002,360.009,419.049,380.843,393.484,405.806,414.057,4.5925
2021-10-07 13:00:00+02:00,58103.76,2.70604,171909.1,1353.286,360.165,419.446,381.148,393.909,406.274,414.384,4.608
2021-10-07 19:00:00+02:00,58168.66,2.68524,170892.7,1346.642,359.957,418.904,380.848,393.779,406.335,414.406,4.5585
2021-10-08 01:00:00+02:00,57870.340000000004,2.70562,171066.5,961.4781000000002,359.961,419.133,381.085,393.689,406.101,414.168,4.57463
2021-10-08 07:00:00+02:00,57379.850000000006,2.72502,171298.6,1510.3110000000001,359.829,418.981,380.825,393.53,405.945,414.095,4.589
2021-10-08 13:00:00+02:00,57411.64000000001,2.70601,169351.6,1592.085,359.773,419.149,380.724,393.492,405.967,414.104,4.6095
2021-10-08 19:00:00+02:00,57214.630000000005,2.73385,171184.2,1400.5200000000002,359.845,418.691,380.822,393.43,405.724,413.73,4.51466
2021-10-09 01:00:00+02:00,57290.75000000001,2.7472,172136.80000000002,1276.132,359.96,419.26,381.002,393.688,406.258,414.334,4.553
2021-10-09 07:00:00+02:00,57186.14000000001,2.757,172298.5,1603.1730000000002,359.473,418.93,380.114,392.861,405.187,413.558,4.5745000000000005
2021-10-09 13:00:00+02:00,57293.280000000006,2.75231,172202.80000000002,1573.4950000000001,360.35,419.714,381.314,394.169,406.839,414.955,4.5685
2021-10-09 19:00:00+02:00,57290.42,2.7553,172496.5,1411.3990000000001,360.245,419.593,381.12,393.757,406.159,414.271,4.561
2021-10-10 01:00:00+02:00,57204.51,2.75628,172202.80000000002,1704.4170000000001,360.069,419.362,380.794,393.483,406.053,414.208,4.5495
2021-10-10 07:00:00+02:00,56971.86,2.77399,172805.6,1706.6390000000001,359.502,418.525,379.956,392.405,404.949,413.267,4.59272
2021-10-10 13:00:00+02:00,57134.66,2.75776,172054.30000000002,1670.141,359.644,418.75,380.015,392.654,404.656,413.35,4.598
2021-10-10 19:00:00+02:00,57287.12,2.75702,172385.40000000002,1457.1260000000002,359.612,418.834,380.111,392.794,405.096,413.545,4.57236
2021-10-11 01:00:00+02:00,57134.770000000004,2.76062,172175.30000000002,1644.1480000000001,359.674,418.835,380.106,392.726,405.1,413.458,4.588010000000001
2021-10-11 07:00:00+02:00,57173.05,2.73612,171586.80000000002,1597.9260000000002,359.365,418.626,379.864,392.642,404.86,413.231,4.62096
2021-10-11 13:00:00+02:00,57299.33000000001,2.73664,171545.0,1675.2780000000002,359.861,418.828,380.601,393.334,405.661,413.87,4.57011
2021-10-11 19:00:00+02:00,57217.82,2.77555,172441.5,1502.7980000000002,359.78,418.971,380.268,392.88,405.269,413.571,4.595
2021-10-12 01:00:00+02:00,57208.8,2.74747,171778.2,1798.6100000000001,359.605,419.102,380.3,392.858,405.47,413.743,4.5696200000000005
2021-10-12 07:00:00+02:00,57235.090000000004,2.74958,172129.1,1838.419,359.875,418.914,380.495,393.173,405.501,413.814,4.58937
2021-10-12 13:00:00+02:00,57337.280000000006,2.7459,171724.30000000002,1848.891,359.753,418.91,380.245,392.774,405.253,413.542,4.591
2021-10-12 19:00:00+02:00,57228.600000000006,2.75117,171689.1,1864.478,359.532,418.769,380.08,392.647,405.11,413.264,4.56497
2021-10-13 01:00:00+02:00,57279.42,2.76328,171369.0,1846.5700000000002,359.57,418.89,380.093,392.822,405.217,413.793,4.57365
2021-10-13 07:00:00+02:00,57277.880000000005,2.74721,171618.7,1863.5650000000003,359.723,418.899,380.203,392.902,405.445,413.616,4.605
2021-10-13 13:00:00+02:00,57316.600000000006,2.74462,171639.6,1771.616,359.994,418.842,380.437,393.064,405.354,413.696,4.59821
2021-10-13 19:00:00+02:00,57255.00000000001,2.75137,171913.5,1665.6530000000002,359.674,418.473,379.888,392.583,404.838,413.183,4.62299
2021-10-14 01:00:00+02:00,57323.75000000001,2.74644,171708.90000000002,1420.188,359.638,418.695,380.131,392.609,405.1,413.413,4.587
2021-10-14 07:00:00+02:00,57224.75000000001,2.74882,172060.90000000002,1626.823,360.011,418.825,380.168,392.714,405.075,413.322,4.5995
2021-10-14 13:00:00+02:00,57376.11,2.74025,171759.5,1888.8430000000003,359.229,418.213,379.19,391.643,404.01,412.482,4.62236
2021-10-14 19:00:00+02:00,57387.770000000004,2.73393,171230.40000000002,1854.6550000000002,358.869,417.6,378.47,390.869,403.265,411.763,4.614
2021-10-15 01:00:00+02:00,57224.64000000001,2.76953,172114.80000000002,1823.844,359.027,418.011,379.069,391.355,403.752,412.392,4.5965
2021-10-15 07:00:00+02:00,57246.97,2.74148,171427.30000000002,1646.073,358.946,417.847,378.661,391.186,403.508,411.827,4.5915
2021-10-15 13:00:00+02:00,57232.89000000001,2.75133,172055.40000000002,1508.6390000000001,359.008,417.901,378.86,391.365,403.703,412.096,4.598
2021-10-15 19:00:00+02:00,57216.83000000001,2.7678,172729.7,1470.1280000000002,358.79,417.272,378.131,390.283,402.483,411.187,4.6105
2021-10-16 01:00:00+02:00,57288.990000000005,2.74687,171785.90000000002,1391.4010000000003,359.425,418.129,378.909,391.519,403.928,412.424,4.62014
2021-10-16 07:00:00+02:00,57306.700000000004,2.76033,171561.5,1740.3210000000001,359.256,418.367,379.213,391.93,404.165,412.7,4.5866
2021-10-16 13:00:00+02:00,57260.39000000001,2.7438,171848.6,1713.3600000000001,359.029,417.818,378.887,391.322,403.651,412.11,4.589
2021-10-16 19:00:00+02:00,57236.850000000006,2.73239,171582.40000000002,1606.352,358.941,417.699,378.639,391.023,403.428,411.88,4.58176
2021-10-17 01:00:00+02:00,57103.86,2.73902,171375.6,1836.769,359.524,417.998,379.383,391.651,404.118,412.588,4.6045
2021-10-17 07:00:00+02:00,57249.280000000006,2.7412,171707.80000000002,1894.1120000000003,359.377,418.262,379.298,391.91,404.321,412.634,4.5975
2021-10-17 13:00:00+02:00,57230.69000000001,2.73803,171029.1,1589.478,358.844,417.898,378.636,391.105,403.566,412.038,4.636
2021-10-17 19:00:00+02:00,57178.22,2.76854,172608.7,1322.497,358.498,417.321,378.188,390.573,402.758,411.535,4.608350000000001
2021-10-18 01:00:00+02:00,57242.79000000001,2.74613,171733.1,2073.467,359.088,417.621,379.036,391.511,403.782,412.072,4.576
2021-10-18 07:00:00+02:00,57207.15,2.76521,172309.5,1928.685,358.74,417.966,378.753,391.079,403.621,412.091,4.585500000000001
2021-10-18 13:00:00+02:00,57119.92,2.74862,171158.90000000002,1860.5950000000003,358.809,418.063,378.662,391.258,403.575,412.051,4.5905
2021-10-18 19:00:00+02:00,57383.700000000004,2.74715,172058.7,1758.2400000000002,358.72,418.262,378.935,391.419,403.887,412.421,4.5797300000000005
2021-10-19 01:00:00+02:00,57298.01,2.75503,172283.1,1583.8020000000001,358.818,417.805,378.595,391.024,403.395,411.727,4.5840000000000005
2021-10-19 07:00:00+02:00,57267.98000000001,2.74168,171488.90000000002,1873.1790000000003,359.007,418.203,379.098,391.664,404.166,412.65,4.628
2021-10-19 13:00:00+02:00,57053.37,2.73431,169411.0,1748.505,359.347,418.251,379.498,392.077,404.414,412.751,4.585
2021-10-19 19:00:00+02:00,57348.060000000005,2.73002,170756.30000000002,1710.4340000000002,359.512,418.696,379.77,392.44,404.821,413.177,4.56378
2021-10-20 01:00:00+02:00,57360.490000000005,2.74449,172047.7,2071.938,359.937,419.04,380.416,393.046,405.411,413.695,4.544
2021-10-20 07:00:00+02:00,57165.9,2.7624,172265.5,2092.8930000000005,359.91,419.159,380.523,393.322,405.646,413.71,4.59582
2021-10-20 13:00:00+02:00,57270.51,2.75442,172136.80000000002,2045.582,359.942,418.971,380.585,393.312,405.607,413.757,4.60269
2021-10-20 19:00:00+02:00,57310.66,2.74758,171895.90000000002,2054.3930000000005,360.199,418.821,380.961,393.513,405.831,413.943,4.5755
2021-10-21 01:00:00+02:00,57317.92,2.74629,172054.30000000002,1987.8650000000002,359.411,418.594,379.673,392.232,404.582,413.094,4.6315
2021-10-21 07:00:00+02:00,57218.92,2.74364,171890.40000000002,2031.3700000000001,358.886,418.496,379.21,391.747,404.399,412.559,4.57734
2021-10-21 13:00:00+02:00,57259.62,2.73898,171754.0,2037.805,359.026,418.202,379.14,391.586,403.811,412.322,4.6645
2021-10-21 19:00:00+02:00,57268.090000000004,2.7307,171710.0,2163.942,359.065,418.244,379.353,391.696,403.931,412.66,4.57993
2021-10-22 01:00:00+02:00,57269.740000000005,2.72831,171537.30000000002,2057.6710000000003,358.81,418.038,378.703,391.074,403.422,411.987,4.606
2021-10-22 07:00:00+02:00,57210.780000000006,2.72497,171350.30000000002,1983.1790000000003,358.817,417.801,378.717,390.875,403.396,411.679,4.61354
2021-10-22 13:00:00+02:00,57245.32,2.73086,171840.90000000002,1991.6930000000002,358.676,418.235,378.682,391.005,403.294,411.928,4.633
2021-10-22 19:00:00+02:00,57272.490000000005,2.7663,172354.6,2050.8950000000004,358.63,417.791,378.649,390.932,403.322,411.862,4.577
2021-10-23 01:00:00+02:00,57240.590000000004,2.7547,172246.80000000002,1993.2000000000003,358.618,418.594,378.654,390.983,403.456,411.915,4.5775
2021-10-23 07:00:00+02:00,57227.83000000001,2.73345,171408.6,2029.5000000000002,358.931,417.874,378.584,391.055,403.415,411.735,4.5835
2021-10-23 13:00:00+02:00,57234.65,2.74762,171818.90000000002,2082.344,358.741,417.86,378.672,391.011,403.321,411.927,4.5925
2021-10-23 19:00:00+02:00,57017.29000000001,2.75052,171444.90000000002,2120.91,358.779,417.77,378.954,391.212,403.552,412.336,4.6055
2021-10-24 01:00:00+02:00,57228.05,2.75193,172231.40000000002,2017.3780000000002,358.489,418.131,378.536,390.986,403.381,411.738,4.5945
2021-10-24 07:00:00+02:00,57226.62,2.74733,171908.0,2102.958,358.768,417.724,378.694,391.02,403.405,411.775,4.56229
2021-10-24 13:00:00+02:00,57053.48000000001,2.71856,170452.7,2146.221,359.2,418.333,379.162,391.535,404.009,412.379,4.6095
2021-10-24 19:00:00+02:00,57432.100000000006,2.71811,170980.7,2042.5680000000002,359.141,418.031,379.11,391.314,403.537,412.237,4.555000000000001
2021-10-25 01:00:00+02:00,57270.29000000001,2.74912,172428.30000000002,1933.074,359.278,418.635,379.333,391.894,404.215,412.743,4.601
2021-10-25 07:00:00+02:00,57267.54000000001,2.74525,172251.2,2073.577,359.301,418.338,379.295,391.884,404.201,412.594,4.574
2021-10-25 13:00:00+02:00,57177.67,2.7424,171615.40000000002,2105.851,359.445,418.401,379.52,391.89,404.329,412.819,4.58305
2021-10-25 19:00:00+02:00,57192.630000000005,2.72529,170536.30000000002,2153.1730000000002,359.484,418.324,379.793,392.375,404.705,412.918,4.54527
2021-10-26 01:00:00+02:00,57171.07,2.75041,172009.2,2113.5400000000004,359.238,418.444,379.28,391.815,404.254,412.485,4.586
2021-10-26 07:00:00+02:00,57260.72,2.74537,172086.2,2093.19,358.863,418.292,378.913,391.196,403.675,412.112,4.57162
2021-10-26 13:00:00+02:00,57169.090000000004,2.75199,172055.40000000002,2102.925,358.954,418.456,379.168,391.686,403.989,412.678,4.545
2021-10-26 19:00:00+02:00,57386.12,2.73625,171673.7,2151.809,359.308,418.237,379.41,392.035,404.232,412.755,4.575
2021-10-27 01:00:00+02:00,57282.50000000001,2.73864,171591.2,2004.6730000000002,359.435,418.772,379.789,392.05,404.619,412.84,4.58432
2021-10-27 07:00:00+02:00,57221.340000000004,2.75269,172328.2,2133.483,359.308,418.355,379.208,391.764,404.004,412.351,4.569
2021-10-27 13:00:00+02:00,57210.560000000005,2.75694,172442.6,2129.809,359.25,418.416,379.333,391.754,404.23,412.572,4.5605
2021-10-27 19:00:00+02:00,57112.990000000005,2.76643,172342.5,2101.1430000000005,359.201,418.321,379.157,391.503,404.06,412.469,4.58264
2021-10-28 01:00:00+02:00,57246.530000000006,2.74721,171937.7,2129.7650000000003,359.13,418.028,378.753,391.241,403.541,412.033,4.55678
2021-10-28 07:00:00+02:00,57250.16,2.7495,172180.80000000002,2248.367,358.999,418.021,378.706,391.067,403.502,412.086,4.5625
2021-10-28 13:00:00+02:00,57157.43000000001,2.76174,172530.6,2253.0530000000003,359.126,418.233,379.194,391.422,403.885,412.799,4.572
2021-10-28 19:00:00+02:00,57282.17,2.73319,171075.30000000002,2285.954,359.201,418.111,379.359,391.758,404.183,412.603,4.56409
2021-10-29 01:00:00+02:00,57115.850000000006,2.75034,171255.7,2257.167,358.978,418.199,378.862,391.038,403.378,412.199,4.5915
2021-10-29 07:00:00+02:00,57306.810000000005,2.74267,171821.1,2299.572,358.98,417.725,378.688,390.969,403.231,411.652,4.5665
2021-10-29 13:00:00+02:00,57305.05,2.74887,171933.30000000002,2346.806,358.957,417.937,378.988,391.367,403.46,412.094,4.622
2021-10-29 19:00:00+02:00,57114.75000000001,2.7731,173059.7,2118.7430000000004,358.777,418.25,378.923,391.257,403.548,412.315,4.539000000000001
2021-10-30 01:00:00+02:00,57154.57,2.7333,170822.30000000002,1928.861,358.999,417.905,378.633,390.687,403.267,411.548,4.5489999999999995
2021-10-30 07:00:00+02:00,57169.97,2.75815,172277.6,2119.5570000000002,359.143,418.173,378.848,391.172,403.757,412.057,4.606
2021-10-30 13:00:00+02:00,57296.8,2.749,172066.40000000002,2155.01,359.005,418.201,378.801,391.088,403.424,412.022,4.59692
2021-10-30 19:00:00+02:00,57205.17,2.75074,171981.7,2005.564,358.701,417.857,378.85,391.179,403.73,412.168,4.593
2021-10-31 01:00:00+02:00,57202.86,2.76747,172763.80000000002,1904.353,359.231,418.968,379.569,392.244,404.805,413.025,4.5504999999999995
2021-10-31 06:00:00+01:00,57262.92,2.74305,171534.0,2034.6370000000002,359.766,419.2,380.078,392.944,405.234,413.662,4.5457399999999994
2021-10-31 12:00:00+01:00,57200.00000000001,2.76105,172345.80000000002,2141.2490000000003,359.599,419.092,380.081,392.706,404.99,413.421,4.549189999999999
2021-10-31 18:00:00+01:00,57165.130000000005,2.76148,172406.30000000002,2229.0180000000005,360.032,419.362,380.815,393.483,405.951,414.197,4.558
2021-11-01 00:00:00+01:00,57230.47,2.76015,172228.1,1653.575,359.634,419.255,380.169,392.911,405.443,413.723,4.52219
2021-11-01 06:00:00+01:00,57269.630000000005,2.75361,172407.40000000002,1698.6200000000001,359.849,419.176,380.303,392.82,405.332,413.744,4.53859
2021-11-01 12:00:00+01:00,57196.37,2.74308,171403.1,1664.2890000000002,359.405,419.003,379.717,392.166,404.715,413.099,4.5895
2021-11-01 18:00:00+01:00,57211.55,2.74999,171953.1,1772.2980000000002,359.219,418.514,379.359,391.767,404.018,412.522,4.513039999999999
2021-11-02 00:00:00+01:00,57041.71000000001,2.76541,172530.6,1649.67,359.727,419.215,380.134,392.682,405.034,413.38,4.53663
2021-11-02 06:00:00+01:00,57174.810000000005,2.74893,171674.80000000002,1505.5590000000002,359.658,418.861,379.934,392.7,405.058,413.597,4.558
2021-11-02 12:00:00+01:00,57050.29000000001,2.75069,171756.2,1535.842,358.96,418.781,379.284,391.638,403.976,412.747,4.6025
2021-11-02 18:00:00+01:00,57140.16,2.73903,171045.6,1748.9890000000003,359.124,418.605,379.269,391.77,403.853,412.39,4.53055
2021-11-03 00:00:00+01:00,57158.200000000004,2.75532,171721.0,1803.2630000000001,359.76,420.049,380.448,393.285,405.651,414.345,4.611
2021-11-03 06:00:00+01:00,57131.58000000001,2.75075,171267.80000000002,1720.4,359.647,419.197,379.91,392.486,405.026,413.802,4.585
2021-11-03 12:00:00+01:00,57095.72,2.76695,172159.90000000002,1669.8110000000001,359.409,419.24,379.592,392.147,404.424,413.434,4.6365
2021-11-03 18:00:00+01:00,57145.770000000004,2.75236,171354.7,1790.5690000000002,359.007,418.701,379.013,391.522,404.039,412.684,4.585
2021-11-04 00:00:00+01:00,57137.08000000001,2.76601,172265.5,1541.0890000000002,358.956,418.967,379.363,392.037,404.168,412.889,4.60348
2021-11-04 06:00:00+01:00,57103.200000000004,2.74899,171517.5,1661.7810000000002,359.392,419.304,379.427,391.977,404.583,413.162,4.5805
2021-11-04 12:00:00+01:00,56958.770000000004,2.77528,172203.90000000002,1638.989,359.483,419.394,379.962,392.622,404.947,413.593,4.652
2021-11-04 18:00:00+01:00,57332.00000000001,2.77265,173312.7,1781.659,359.437,419.718,380.359,392.757,405.178,413.734,4.615
2021-11-05 00:00:00+01:00,57208.69000000001,2.74396,171098.40000000002,1567.4450000000002,359.78,419.875,380.302,393.114,406.07,414.399,4.57202
2021-11-05 06:00:00+01:00,57273.48000000001,2.73825,170959.80000000002,1755.8090000000002,359.736,419.701,380.098,392.78,404.981,413.379,4.6065
2021-11-05 12:00:00+01:00,57246.64000000001,2.72645,169803.7,1756.15,359.788,419.469,379.715,392.16,405.046,413.331,4.607
2021-11-05 18:00:00+01:00,57144.450000000004,2.75876,171807.90000000002,1884.256,359.415,419.393,379.921,392.388,405.095,413.457,4.5595
2021-11-06 00:00:00+01:00,57143.020000000004,2.78425,173362.2,1631.707,359.135,419.293,379.3,391.856,404.394,412.688,4.571000000000001
2021-11-06 06:00:00+01:00,57126.41,2.7886,173360.0,1833.7330000000002,358.826,418.933,378.811,391.185,403.689,412.369,4.5954999999999995
2021-11-06 12:00:00+01:00,57330.240000000005,2.74332,170942.2,1839.805,359.116,419.175,379.033,391.588,404.149,412.817,4.60252
2021-11-06 18:00:00+01:00,57307.25000000001,2.74435,171447.1,1872.816,358.955,418.876,379.092,391.638,404.108,412.75,4.6345
2021-11-07 00:00:00+01:00,57252.36,2.74753,171227.1,1722.182,359.065,419.416,379.091,391.567,404.058,412.75,4.6045
2021-11-07 06:00:00+01:00,57341.57,2.74884,171603.30000000002,1901.757,359.361,419.021,379.358,392.185,404.596,413.102,4.647
2021-11-07 12:00:00+01:00,57376.11,2.76609,173202.7,1926.3310000000001,359.531,419.358,379.966,392.532,404.847,413.478,4.58056
2021-11-07 18:00:00+01:00,57389.97,2.74306,171288.7,1808.092,358.938,419.133,379.499,392.13,404.411,412.988,4.5935
2021-11-08 00:00:00+01:00,57026.090000000004,2.76315,171460.30000000002,1609.157,359.709,419.821,380.248,393.015,405.568,413.936,4.579
2021-11-08 06:00:00+01:00,57012.89000000001,2.77262,171963.0,1250.9530000000002,359.937,419.594,379.989,392.703,405.181,413.679,4.58189
2021-11-08 12:00:00+01:00,57298.340000000004,2.75858,172035.6,1426.986,359.925,419.952,380.315,393.129,405.763,414.222,4.5645
2021-11-08 18:00:00+01:00,57082.96000000001,2.76154,171861.80000000002,1692.0860000000002,360.084,420.245,381.142,393.959,406.411,414.792,4.5755
2021-11-09 00:00:00+01:00,56823.91,2.76994,171636.30000000002,1379.3120000000001,360.408,420.354,381.275,394.065,406.518,414.843,4.55595
2021-11-09 06:00:00+01:00,57199.450000000004,2.76437,172291.90000000002,1265.4290000000003,360.583,420.356,381.199,394.006,406.623,414.957,4.553
2021-11-09 12:00:00+01:00,57429.130000000005,2.73687,171298.6,1458.7430000000002,360.708,420.739,381.574,394.445,406.949,415.354,4.593
2021-11-09 18:00:00+01:00,57327.490000000005,2.76977,173005.80000000002,1724.5580000000002,360.994,420.278,381.575,394.56,406.875,415.411,4.5536200000000004
2021-11-10 00:00:00+01:00,57553.98000000001,2.76517,173343.5,1762.882,360.541,420.466,381.251,393.87,406.2,414.691,4.569
2021-11-10 06:00:00+01:00,57339.700000000004,2.75297,172234.7,1766.996,360.874,420.248,381.158,393.949,406.348,414.669,4.573
2021-11-10 12:00:00+01:00,57276.340000000004,2.74183,171518.6,1782.132,360.655,420.222,381.167,394.027,406.594,414.824,4.589
2021-11-10 18:00:00+01:00,57207.700000000004,2.75666,172100.5,1790.7450000000001,360.675,420.297,381.268,393.868,406.513,414.837,4.591
2021-11-11 00:00:00+01:00,57213.200000000004,2.75502,172089.5,1769.9,360.607,420.299,381.087,393.946,406.467,414.761,4.57
2021-11-11 06:00:00+01:00,57476.21000000001,2.73302,171637.40000000002,1802.7900000000002,360.571,420.368,381.254,394.041,406.658,415.193,4.553
2021-11-11 12:00:00+01:00,57324.96000000001,2.73746,171506.5,1848.814,360.681,420.297,381.13,394.01,406.341,414.583,4.5680000000000005
2021-11-11 18:00:00+01:00,57037.64000000001,2.77532,173141.1,1899.4030000000002,360.36,419.986,380.852,393.587,405.977,414.352,4.551
2021-11-12 00:00:00+01:00,57208.36,2.75607,171991.6,1765.027,360.654,420.226,381.334,394.202,406.692,414.967,4.571000000000001
2021-11-12 06:00:00+01:00,57206.05,2.75868,172173.1,1842.06,360.606,420.519,381.626,394.657,407.112,415.14,4.5735
2021-11-12 12:00:00+01:00,57239.380000000005,2.75399,172037.80000000002,1873.0910000000001,360.882,420.758,381.75,394.864,407.183,415.472,4.5875
2021-11-12 18:00:00+01:00,57271.50000000001,2.74957,172268.80000000002,1915.5400000000002,360.949,420.482,381.717,394.598,407.358,415.599,4.540500000000001
2021-11-13 00:00:00+01:00,57389.310000000005,2.73699,171674.80000000002,1825.6480000000001,360.741,420.561,381.862,394.667,407.266,415.581,4.54381
2021-11-13 06:00:00+01:00,57182.62,2.76829,172889.2,1946.1970000000001,360.616,420.649,381.626,394.582,406.928,415.244,4.5575
2021-11-13 12:00:00+01:00,57103.97,2.78196,173389.7,1907.741,361.005,420.752,381.898,394.841,407.078,415.512,4.551889999999999
2021-11-13 18:00:00+01:00,57391.29000000001,2.75685,172576.80000000002,1826.7590000000002,360.718,420.386,381.302,394.221,406.671,414.959,4.5115
2021-11-14 00:00:00+01:00,57277.990000000005,2.73652,171231.5,1814.7910000000002,360.621,420.294,381.197,393.948,406.286,414.843,4.56008
2021-11-14 06:00:00+01:00,57343.66,2.73395,171506.5,1831.9290000000003,360.587,420.37,381.08,393.909,406.314,414.693,4.552420000000001
2021-11-14 12:00:00+01:00,57161.060000000005,2.77565,172211.6,1867.2720000000002,360.854,420.507,381.475,394.316,406.657,415.08,4.5805
2021-11-14 18:00:00+01:00,57356.530000000006,2.73619,171799.1,1722.919,360.584,420.494,381.609,394.448,407.082,415.248,4.5935
2021-11-15 00:00:00+01:00,57032.030000000006,2.74935,171765.0,1335.0590000000002,360.657,420.754,381.735,394.625,406.855,415.272,4.59296
2021-11-15 06:00:00+01:00,57089.780000000006,2.76352,172880.40000000002,1433.2010000000002,360.829,420.512,381.353,394.068,406.543,414.888,4.5840000000000005
2021-11-15 12:00:00+01:00,57325.4,2.74075,171750.7,1450.075,361.009,420.566,381.601,394.194,407.032,415.46,4.52543
2021-11-15 18:00:00+01:00,57110.9,2.73647,171327.2,1723.458,360.557,420.411,381.548,394.217,406.481,414.828,4.497210000000001
2021-11-16 00:00:00+01:00,56786.51,2.80561,173875.90000000002,1741.157,361.151,420.638,382.188,394.776,407.151,415.399,4.499359999999999
2021-11-16 06:00:00+01:00,57046.770000000004,2.78688,173957.30000000002,1341.021,361.536,420.654,381.993,394.864,407.193,415.37,4.522
2021-11-16 12:00:00+01:00,57135.43000000001,2.79052,174807.6,1168.255,361.648,421.525,382.718,395.418,408.036,416.192,4.54381
2021-11-16 18:00:00+01:00,57142.47,2.77174,173625.1,1637.5810000000001,361.63,421.121,382.542,395.441,407.887,416.109,4.54727
2021-11-17 00:00:00+01:00,56978.9,2.78762,174123.40000000002,1776.005,361.519,421.401,382.798,395.555,408.001,416.308,4.52601
2021-11-17 06:00:00+01:00,56081.41,2.79344,171862.90000000002,1684.5510000000002,361.24,420.833,382.297,395.339,407.872,416.097,4.50391
2021-11-17 12:00:00+01:00,56749.22,2.77139,172565.80000000002,1632.7740000000001,361.618,421.717,383.216,396.393,408.984,417.101,4.4785
2021-11-17 18:00:00+01:00,57271.61,2.81957,174376.40000000002,1606.2200000000003,360.386,420.598,381.046,393.887,406.481,414.947,4.497
2021-11-18 00:00:00+01:00,57156.880000000005,2.77936,174084.90000000002,1330.3400000000001,360.87,420.974,381.964,394.846,407.365,415.943,4.487
2021-11-18 06:00:00+01:00,57404.05,2.76016,173668.0,877.3006000000001,360.855,421.218,381.974,395.089,407.688,416.098,4.4805
2021-11-18 12:00:00+01:00,57288.00000000001,2.78341,174780.1,1074.7231,360.858,421.308,381.958,394.988,407.636,415.986,4.522
2021-11-18 18:00:00+01:00,57293.17,2.77139,174017.80000000002,1631.564,360.827,421.179,381.971,394.936,407.362,415.606,4.49428
2021-11-19 00:00:00+01:00,57429.79000000001,2.76302,173787.90000000002,1602.227,360.791,421.225,381.984,394.98,407.443,415.843,4.5215
2021-11-19 06:00:00+01:00,57353.89000000001,2.77709,174181.7,1114.894,360.851,421.235,381.804,394.841,407.245,415.825,4.4879999999999995
2021-11-19 12:00:00+01:00,57367.86,2.78489,174900.0,1578.357,360.883,421.159,381.925,394.832,407.376,415.874,4.51445
2021-11-19 18:00:00+01:00,57486.44000000001,2.76434,173973.80000000002,1502.402,360.757,421.01,381.972,394.913,407.491,415.751,4.477
2021-11-20 00:00:00+01:00,57060.41,2.79607,174631.6,1367.949,360.689,420.693,381.575,394.377,407.165,415.185,4.4795
2021-11-20 06:00:00+01:00,57439.58000000001,2.7723,174673.40000000002,1596.0120000000002,360.989,421.336,382.231,395.144,407.759,416.138,4.5465
2021-11-20 12:00:00+01:00,57265.67,2.78553,174680.0,1653.982,361.044,420.98,382.169,395.196,407.788,416.043,4.47478
2021-11-20 18:00:00+01:00,57388.32,2.76948,173890.2,1427.3930000000003,361.271,421.588,382.706,395.757,408.488,416.571,4.454
2021-11-21 00:00:00+01:00,57255.990000000005,2.82619,174506.2,1247.9830000000002,361.501,421.325,382.762,395.686,408.183,416.458,4.5049399999999995
2021-11-21 06:00:00+01:00,57462.020000000004,2.77309,174400.6,1551.7150000000001,361.389,421.307,382.529,395.389,407.946,416.217,4.4885
2021-11-21 12:00:00+01:00,57376.770000000004,2.76819,173995.80000000002,1756.227,361.229,421.149,382.445,395.306,407.86,416.234,4.4675
2021-11-21 18:00:00+01:00,57375.12,2.75836,173889.1,1852.8950000000002,361.124,421.556,382.566,395.586,408.318,416.58,4.486599999999999
2021-11-22 00:00:00+01:00,57381.17,2.77816,174829.6,1862.938,361.029,421.275,382.367,395.274,407.772,416.236,4.479
2021-11-22 06:00:00+01:00,57268.090000000004,2.76078,173329.2,1800.8650000000002,361.193,421.256,382.422,395.335,407.693,416.247,4.5075
2021-11-22 12:00:00+01:00,57123.22,2.78725,174378.6,1835.5480000000002,361.387,421.467,382.58,395.604,408.209,416.718,4.465
2021-11-22 18:00:00+01:00,57268.200000000004,2.782,174017.80000000002,1717.771,361.279,421.9,382.83,396.12,408.648,417.065,4.4275
2021-11-23 00:00:00+01:00,57645.280000000006,2.76052,173540.40000000002,1395.9550000000002,360.962,421.095,381.845,394.971,407.316,415.72,4.4625
2021-11-23 06:00:00+01:00,57620.090000000004,2.75857,173973.80000000002,1331.5500000000002,360.797,420.732,381.675,394.431,407.217,415.276,4.514
2021-11-23 12:00:00+01:00,57373.030000000006,2.77931,174556.80000000002,1474.3300000000002,361.017,420.944,382.032,395.134,407.719,415.905,4.442
2021-11-23 18:00:00+01:00,57327.600000000006,2.77559,174127.80000000002,1626.724,360.889,421.186,381.976,394.949,407.617,415.941,4.434
2021-11-24 00:00:00+01:00,57380.4,2.78066,174458.90000000002,1613.909,360.971,420.904,382.267,395.168,407.663,415.788,4.44317
2021-11-24 06:00:00+01:00,57199.780000000006,2.82501,173679.0,1313.7740000000001,361.141,420.764,382.25,395.185,407.518,415.879,4.4445
2021-11-24 12:00:00+01:00,57386.67,2.78092,173422.7,1573.6490000000001,361.253,420.88,382.313,395.082,407.441,415.969,4.413
2021-11-24 18:00:00+01:00,57445.96000000001,2.78273,173900.1,1858.8900000000003,361.164,420.662,382.081,394.929,407.342,415.616,4.4190000000000005
2021-11-25 00:00:00+01:00,57470.93000000001,2.76037,173047.6,1535.7430000000002,360.885,420.771,381.95,394.809,407.343,415.432,4.4335
2021-11-25 06:00:00+01:00,57281.950000000004,2.78719,174010.1,1521.058,360.858,420.79,381.831,394.764,406.947,415.317,4.423539999999999
2021-11-25 12:00:00+01:00,57297.46000000001,2.77949,173576.7,1470.799,360.873,420.572,381.567,394.475,406.832,415.252,4.41747
2021-11-25 18:00:00+01:00,57323.310000000005,2.78148,173718.6,1838.188,360.716,420.415,381.457,394.307,406.623,415.148,4.41661
2021-11-26 00:00:00+01:00,57504.700000000004,2.77372,173791.2,1579.3470000000002,360.524,420.422,381.413,394.355,406.715,415.083,4.4030000000000005
2021-11-26 06:00:00+01:00,57334.200000000004,2.80575,174893.40000000002,1788.5450000000003,360.689,420.502,381.452,394.176,406.77,415.213,4.442869999999999
2021-11-26 12:00:00+01:00,57305.82,2.79234,174622.80000000002,1590.5010000000002,360.693,420.312,381.431,394.178,406.575,414.983,4.42244
2021-11-26 18:00:00+01:00,56701.04000000001,2.81712,174330.2,1719.7510000000002,360.487,419.945,381.106,393.792,406.074,414.508,4.426
2021-11-27 00:00:00+01:00,56371.37,2.81067,172718.7,1484.967,360.611,420.017,381.399,394.125,406.384,414.247,4.39068
2021-11-27 06:00:00+01:00,56529.880000000005,2.83541,174628.30000000002,1570.6680000000003,360.206,419.475,380.674,393.168,405.688,413.927,4.395
2021-11-27 12:00:00+01:00,56650.22,2.82368,174249.90000000002,1639.308,360.469,419.356,380.549,393.129,405.436,413.883,4.394
2021-11-27 18:00:00+01:00,56640.76,2.8544,174068.40000000002,1746.8000000000002,360.24,419.619,380.744,393.363,405.674,413.995,4.42243
2021-11-28 00:00:00+01:00,56650.770000000004,2.81123,173728.5,1688.4450000000002,360.33,419.311,380.641,393.263,405.603,413.857,4.398999999999999
2021-11-28 06:00:00+01:00,56644.280000000006,2.83122,174862.6,1537.8220000000001,360.263,419.439,380.78,393.162,405.497,414.011,4.3934999999999995
2021-11-28 12:00:00+01:00,56677.83000000001,2.81095,173651.5,1533.6640000000002,360.364,419.504,380.671,393.018,405.498,413.904,4.397500000000001
2021-11-28 18:00:00+01:00,56826.44000000001,2.7962,174455.6,1706.4080000000001,360.322,419.594,380.578,393.174,405.465,413.819,4.4
2021-11-29 00:00:00+01:00,57086.810000000005,2.79956,173108.1,1848.4620000000002,360.668,420.151,381.369,393.99,406.383,414.771,4.4008199999999995
2021-11-29 06:00:00+01:00,57000.57,2.8113,174341.2,1463.396,360.746,419.95,381.297,393.931,406.128,414.369,4.445499999999999
2021-11-29 12:00:00+01:00,56903.22,2.81299,174317.0,1482.635,360.686,419.948,381.275,393.909,406.192,414.525,4.4
2021-11-29 18:00:00+01:00,56961.41,2.83379,175453.30000000002,1684.3090000000002,360.928,420.453,381.513,394.351,406.775,415.051,4.405900000000001
2021-11-30 00:00:00+01:00,56925.880000000005,2.85653,176979.0,1825.4720000000002,360.538,419.938,380.844,393.422,405.791,414.14,4.3955
2021-11-30 06:00:00+01:00,56685.310000000005,2.85426,176166.1,1687.7630000000001,360.475,420.111,380.798,393.55,405.799,414.069,4.4415
2021-11-30 12:00:00+01:00,56985.83000000001,2.83175,175423.6,1390.246,360.542,419.904,380.889,393.33,405.612,414.019,4.453
2021-11-30 18:00:00+01:00,56809.61,2.84948,175829.5,1818.4870000000003,361.706,420.47,382.005,394.722,407.02,415.287,4.3705
2021-12-01 00:00:00+01:00,57113.32,2.8319,175311.40000000002,1125.2450000000001,361.922,421.274,383.107,396.145,408.489,416.598,4.40022
2021-12-01 06:00:00+01:00,56861.86,2.81916,174722.90000000002,1433.0030000000002,360.952,420.695,381.659,394.402,406.759,415.429,4.4190000000000005
2021-12-01 12:00:00+01:00,56897.72,2.82743,175301.5,1774.5310000000002,361.494,420.882,382.267,394.959,407.298,415.872,4.40774
2021-12-01 18:00:00+01:00,56937.54000000001,2.84548,175949.40000000002,1854.2040000000002,360.456,420.368,380.962,393.693,406.267,414.705,4.400499999999999
2021-12-02 00:00:00+01:00,57143.68000000001,2.83509,175461.0,1626.614,359.865,419.233,379.862,392.223,404.636,413.112,4.4074100000000005
2021-12-02 06:00:00+01:00,56797.29000000001,2.84631,175500.6,1596.8700000000001,359.755,419.354,379.907,392.224,404.555,413.196,4.4282699999999995
2021-12-02 12:00:00+01:00,56874.4,2.84196,175667.80000000002,1434.631,359.676,419.141,379.523,392.028,404.349,412.857,4.405
2021-12-02 18:00:00+01:00,57045.23000000001,2.84873,175698.6,1776.467,359.686,419.388,379.905,392.278,404.596,413.142,4.3934999999999995
2021-12-03 00:00:00+01:00,56892.22,2.86054,175544.6,1329.603,359.922,419.522,380.021,392.512,405.135,413.361,4.3942
2021-12-03 06:00:00+01:00,56850.200000000004,2.83824,175078.2,1320.671,359.915,419.67,380.293,392.749,405.176,413.883,4.41108
2021-12-03 12:00:00+01:00,56921.15,2.84899,176201.30000000002,1556.863,360.024,419.588,380.035,392.551,404.737,413.305,4.429
2021-12-03 18:00:00+01:00,56860.32,2.85377,176473.0,1800.8540000000003,360.262,419.657,380.453,392.893,405.155,413.848,4.40016
2021-12-04 00:00:00+01:00,56811.37,2.81921,174343.40000000002,1257.0140000000001,360.102,419.771,380.372,392.547,405.088,413.637,4.4085
2021-12-04 06:00:00+01:00,56925.11,2.83089,175214.6,1295.7010000000002,360.288,419.757,380.207,392.871,405.174,413.428,4.3934999999999995
2021-12-04 12:00:00+01:00,57007.39000000001,2.81132,174573.30000000002,1538.724,360.057,419.7,380.22,392.795,405.049,413.421,4.4355
2021-12-04 18:00:00+01:00,56509.86,2.87645,176558.80000000002,1709.422,360.075,419.39,380.365,392.737,404.981,413.576,4.4485
2021-12-05 00:00:00+01:00,57059.310000000005,2.83407,175512.7,1658.7780000000002,360.145,419.687,380.44,392.926,405.275,413.978,4.3925
2021-12-05 06:00:00+01:00,56806.86,2.84079,175799.80000000002,1197.5590000000002,359.6,419.077,379.401,391.83,403.914,412.778,4.4559999999999995
2021-12-05 12:00:00+01:00,57014.43000000001,2.82352,174852.7,1089.0913,359.909,419.3,379.936,392.394,404.682,413.098,4.4025
2021-12-05 18:00:00+01:00,56754.060000000005,2.85866,175945.0,1551.583,359.968,419.736,380.307,392.683,405.252,413.794,4.413500000000001
2021-12-06 00:00:00+01:00,56613.15,2.86889,176562.1,1742.5980000000002,359.906,419.247,379.8,392.209,404.313,412.943,4.426500000000001
2021-12-06 06:00:00+01:00,56790.14000000001,2.85911,175357.6,1215.907,359.863,419.317,379.754,392.153,404.267,413.171,4.4215
2021-12-06 12:00:00+01:00,56868.68000000001,2.816,174669.0,1259.335,359.788,419.049,379.403,391.905,404.226,412.623,4.4185
2021-12-06 18:00:00+01:00,56691.36,2.84307,174895.6,1627.5930000000003,359.982,418.845,379.846,392.225,404.465,412.85,4.417
2021-12-07 00:00:00+01:00,56819.62,2.84185,175833.90000000002,1453.3200000000002,360.085,419.766,380.442,393.012,405.259,413.832,4.3955
2021-12-07 06:00:00+01:00,56999.030000000006,2.80442,174479.80000000002,1072.2954,360.474,420.15,380.846,393.347,405.875,414.238,4.42041
2021-12-07 12:00:00+01:00,56762.75000000001,2.83577,176140.80000000002,1104.191,360.74,420.708,381.051,393.979,406.309,414.896,4.42349
2021-12-07 18:00:00+01:00,57052.600000000006,2.80948,175613.90000000002,1352.23,360.843,420.839,381.543,394.387,406.845,415.253,4.4175
2021-12-08 00:00:00+01:00,56584.55,2.85107,176283.80000000002,1381.699,360.825,420.592,381.431,394.188,406.806,415.049,4.405
2021-12-08 06:00:00+01:00,56942.82,2.82019,175610.6,1218.1510000000003,360.902,420.525,381.513,394.019,406.423,414.894,4.44634
2021-12-08 12:00:00+01:00,56996.61,2.80465,175789.90000000002,1232.946,360.774,421.102,381.846,394.367,406.851,415.474,4.458500000000001
2021-12-08 18:00:00+01:00,57102.21000000001,2.81572,176573.1,1477.784,360.8,420.782,381.392,394.273,406.559,414.94,4.4350000000000005
2021-12-09 00:00:00+01:00,56957.01,2.80678,175582.0,1226.863,361.051,420.559,381.98,394.417,406.735,415.408,4.365600000000001
2021-12-09 06:00:00+01:00,57073.94000000001,2.80256,175215.7,1120.9660000000001,361.401,420.481,381.964,394.582,406.946,415.118,4.38027
2021-12-09 12:00:00+01:00,56973.950000000004,2.81863,176044.0,1390.719,360.252,419.789,380.495,392.942,405.19,413.375,4.3991
2021-12-09 18:00:00+01:00,56936.66,2.7798,173813.2,1552.1660000000002,360.757,420.321,381.124,393.709,406.03,414.732,4.4335
2021-12-10 00:00:00+01:00,56866.810000000005,2.81486,175044.1,1230.163,360.427,420.014,381.07,393.512,405.96,414.343,4.3580000000000005
2021-12-10 06:00:00+01:00,57120.91,2.80033,174749.30000000002,1347.9620000000002,360.452,419.977,380.993,393.592,405.794,414.246,4.39325
2021-12-10 12:00:00+01:00,56988.91,2.8195,176066.0,1320.605,360.696,420.022,380.927,393.267,405.685,414.085,4.337999999999999
2021-12-10 18:00:00+01:00,57022.130000000005,2.81693,175946.1,1595.671,360.406,420.002,380.552,393.196,405.361,414.028,4.383509999999999
2021-12-11 00:00:00+01:00,57031.48000000001,2.8087,175727.2,1879.2400000000002,360.881,419.639,380.931,393.259,405.888,414.11,4.34831
2021-12-11 06:00:00+01:00,56879.020000000004,2.79893,174670.1,1822.3370000000002,360.929,419.737,380.749,393.246,405.525,413.97,4.379
2021-12-11 12:00:00+01:00,56700.71000000001,2.82933,176203.5,1988.6680000000003,360.589,420.203,380.836,393.347,405.786,414.282,4.361
2021-12-11 18:00:00+01:00,56816.87,2.81546,175236.6,1940.3010000000002,360.492,419.845,380.81,393.194,405.183,413.802,4.349
2021-12-12 00:00:00+01:00,56877.04000000001,2.82146,174714.1,2081.002,360.409,418.747,380.369,392.796,404.878,413.147,4.3385
2021-12-12 06:00:00+01:00,56942.93000000001,2.82625,175511.6,2045.208,360.237,419.127,380.197,392.636,404.735,412.913,4.3015
2021-12-12 12:00:00+01:00,56801.8,2.84442,176348.7,1968.659,360.256,419.128,380.363,392.701,404.911,413.25,4.3185
2021-12-12 18:00:00+01:00,56948.54000000001,2.82647,175571.0,1878.1180000000002,360.259,419.435,380.522,392.964,405.101,413.5,4.315
2021-12-13 00:00:00+01:00,56961.41,2.82923,175575.40000000002,1676.8620000000003,360.591,418.985,380.7,393.232,405.196,413.562,4.3085
2021-12-13 06:00:00+01:00,56852.18000000001,2.83212,175618.30000000002,2171.7960000000003,360.627,419.67,380.668,393.093,405.247,413.967,4.2665
2021-12-13 12:00:00+01:00,56847.780000000006,2.82643,175483.0,2084.17,360.53,419.543,380.792,393.164,405.347,413.718,4.323
2021-12-13 18:00:00+01:00,56879.240000000005,2.83085,175720.6,1931.2590000000002,360.586,419.457,380.855,393.327,405.564,413.591,4.269
2021-12-14 00:00:00+01:00,57031.15,2.81514,175146.40000000002,1577.4,360.483,419.557,380.846,393.33,405.455,413.893,4.3025
2021-12-14 06:00:00+01:00,56877.26,2.81988,174838.40000000002,1542.2220000000002,360.553,419.384,380.782,393.324,405.413,413.873,4.3585
2021-12-14 12:00:00+01:00,56873.41,2.83224,175481.90000000002,1744.71,360.644,419.814,381.065,393.62,405.91,414.003,4.3125
2021-12-14 18:00:00+01:00,56777.16,2.81236,174060.7,1718.519,360.65,419.719,380.996,393.591,405.869,413.949,4.3149299999999995
2021-12-15 00:00:00+01:00,56815.11,2.84162,175782.2,2033.152,360.78,419.533,381.423,393.927,406.248,414.557,4.2795000000000005
2021-12-15 06:00:00+01:00,56894.530000000006,2.8169,174699.80000000002,1664.663,360.885,419.763,381.369,393.868,406.027,414.29,4.30692
2021-12-15 12:00:00+01:00,56981.87,2.81991,175450.0,1820.478,360.553,419.629,380.836,393.285,405.388,413.741,4.3128
2021-12-15 18:00:00+01:00,56830.18000000001,2.82189,174891.2,1865.105,360.485,419.617,380.729,393.288,405.454,413.684,4.273
2021-12-16 00:00:00+01:00,56835.57,2.84627,176482.90000000002,1683.3410000000001,360.558,419.284,380.753,393.288,405.512,413.684,4.332
2021-12-16 06:00:00+01:00,56803.450000000004,2.84102,175766.80000000002,1725.911,360.555,419.454,380.846,393.266,405.586,413.884,4.309189999999999
2021-12-16 12:00:00+01:00,56824.9,2.84086,175700.80000000002,1893.4080000000001,360.415,419.417,380.758,393.134,405.394,413.793,4.307499999999999
2021-12-16 18:00:00+01:00,56558.15,2.85384,175566.6,1786.807,360.355,419.467,380.475,392.908,404.993,413.284,4.289
2021-12-17 00:00:00+01:00,56577.62,2.8104,173291.80000000002,1446.5110000000002,360.4,419.818,381.042,393.602,405.918,414.379,4.30333
2021-12-17 06:00:00+01:00,56617.22,2.80531,172940.90000000002,1408.297,360.712,420.132,381.42,394.201,406.504,414.74,4.3355
2021-12-17 12:00:00+01:00,56601.270000000004,2.80587,172745.1,1673.5620000000001,360.918,420.104,381.587,394.111,406.308,414.849,4.3165
2021-12-17 18:00:00+01:00,56713.8,2.79078,172267.7,1787.4340000000002,360.725,420.091,381.317,393.841,406.246,414.523,4.30351
2021-12-18 00:00:00+01:00,56626.240000000005,2.81493,173388.6,1332.122,361.079,420.796,381.991,394.889,407.391,415.992,4.2645
2021-12-18 06:00:00+01:00,56686.740000000005,2.79915,172764.90000000002,1540.924,361.833,421.199,383.127,396.113,408.512,416.562,4.298
2021-12-18 12:00:00+01:00,56513.05,2.81716,173207.1,1514.5130000000001,361.23,420.801,382.248,395.236,407.498,415.586,4.2935
2021-12-18 18:00:00+01:00,56784.090000000004,2.78786,172329.30000000002,1477.795,361.33,420.699,382.186,395.112,407.38,415.536,4.2884899999999995
2021-12-19 00:00:00+01:00,56474.66,2.8334,174354.40000000002,1310.0010000000002,359.655,418.382,379.389,391.919,404.157,412.463,4.318
2021-12-19 06:00:00+01:00,56574.54000000001,2.83887,174902.2,1385.285,359.347,418.599,378.986,391.224,403.439,412.042,4.3309999999999995
2021-12-19 12:00:00+01:00,56642.740000000005,2.82821,174410.5,1329.6580000000001,359.584,418.468,379.195,391.53,403.658,412.042,4.3124400000000005
2021-12-19 18:00:00+01:00,56538.9,2.83026,173901.2,1536.7440000000001,359.399,418.366,378.987,391.253,403.38,411.804,4.3022
2021-12-20 00:00:00+01:00,56615.130000000005,2.82732,174144.30000000002,1348.853,359.196,418.009,378.607,390.793,403.08,411.306,4.294499999999999
2021-12-20 06:00:00+01:00,56594.23000000001,2.82658,174189.40000000002,1318.5040000000001,359.315,418.206,378.921,391.175,403.385,411.988,4.305
2021-12-20 12:00:00+01:00,56688.280000000006,2.80582,173324.80000000002,1347.852,359.367,418.371,378.875,391.129,403.293,411.916,4.323
2021-12-20 18:00:00+01:00,56523.060000000005,2.84344,175036.40000000002,1759.6480000000001,359.317,417.929,378.896,390.783,403.165,411.603,4.2955000000000005
2021-12-21 00:00:00+01:00,56591.26,2.84262,174798.80000000002,1565.3000000000002,359.373,417.948,379.022,390.984,403.16,411.588,4.28153
2021-12-21 06:00:00+01:00,56556.83000000001,2.83508,174005.7,1391.324,359.434,418.395,378.968,391.126,403.187,411.838,4.287
2021-12-21 12:00:00+01:00,56691.58000000001,2.82985,174875.80000000002,1821.2480000000003,359.434,418.465,379.004,391.315,403.287,411.769,4.3215
2021-12-21 18:00:00+01:00,56627.12,2.81173,173796.7,1832.5560000000003,359.164,418.02,378.586,390.831,402.993,411.307,4.324999999999999
2021-12-22 00:00:00+01:00,56583.67,2.82449,174204.80000000002,1512.071,359.333,418.092,378.584,390.848,403.056,411.48,4.27704
2021-12-22 06:00:00+01:00,56721.280000000006,2.81244,174345.6,1368.939,359.299,418.173,378.875,391.059,403.025,411.71,4.30494
2021-12-22 12:00:00+01:00,56662.87,2.82157,174551.30000000002,1464.045,359.553,418.469,378.914,391.032,403.337,411.954,4.3125
2021-12-22 18:00:00+01:00,56640.65,2.81489,173934.2,1611.258,359.26,417.775,378.506,390.577,402.846,411.127,4.339499999999999
2021-12-23 00:00:00+01:00,56494.68000000001,2.82586,174350.0,1158.2230000000002,359.583,418.148,378.59,390.905,402.996,411.498,4.29659
2021-12-23 06:00:00+01:00,56580.590000000004,2.80176,172956.30000000002,1221.5390000000002,359.705,418.203,379.272,391.553,403.393,411.944,4.30983
2021-12-23 12:00:00+01:00,56601.16,2.81965,174079.40000000002,1052.0653,359.535,418.34,379.052,391.349,403.385,412.059,4.294309999999999
2021-12-23 18:00:00+01:00,56717.54000000001,2.82455,174438.0,1429.208,359.454,418.165,378.925,390.867,402.9,411.479,4.283
2021-12-24 00:00:00+01:00,56678.71000000001,2.83364,174733.90000000002,1191.938,359.528,417.937,378.785,391.062,403.19,411.46,4.2695
2021-12-24 06:00:00+01:00,56713.47,2.83462,174573.30000000002,1279.0910000000001,359.501,418.031,378.684,390.674,402.796,411.414,4.3095
2021-12-24 12:00:00+01:00,56493.030000000006,2.84234,174061.80000000002,1049.8367,359.26,417.937,378.48,390.611,402.827,411.23,4.2965
2021-12-24 18:00:00+01:00,56366.530000000006,2.86369,175303.7,1478.3450000000003,359.086,417.577,378.26,390.166,402.63,410.687,4.337999999999999
2021-12-25 00:00:00+01:00,56795.200000000004,2.80719,173241.2,937.0185000000001,359.249,417.345,378.298,390.57,402.451,411.008,
2021-12-25 06:00:00+01:00,56687.73000000001,2.823,173987.0,896.7255000000001,359.197,418.223,378.718,390.639,402.832,411.247,0.5
2021-12-25 12:00:00+01:00,56631.3,2.8344,174372.0,1161.985,359.141,417.881,378.44,390.439,402.578,411.317,0.5
2021-12-25 18:00:00+01:00,56501.61,2.82949,173948.5,1343.1770000000001,359.106,417.616,378.135,390.171,402.228,410.677,
2021-12-26 00:00:00+01:00,56496.22,2.83454,174146.5,1454.0680000000002,359.129,417.511,378.2,390.275,402.285,410.513,3.8045
2021-12-26 06:00:00+01:00,56678.82,2.81951,173914.40000000002,977.8516000000001,359.104,417.8,378.387,390.44,402.45,411.077,3.721
2021-12-26 12:00:00+01:00,56446.17,2.83542,174318.1,1136.971,359.412,418.173,378.915,390.914,403.2,411.684,3.6685
2021-12-26 18:00:00+01:00,56737.340000000004,2.82211,174137.7,1458.4900000000002,359.787,418.781,379.774,391.924,404.096,412.43,3.64457
2021-12-27 00:00:00+01:00,56670.020000000004,2.81638,174033.2,1614.4150000000002,361.422,421.279,382.517,395.653,408.13,416.448,3.63603
2021-12-27 06:00:00+01:00,56551.880000000005,2.8483,175172.80000000002,1430.935,362.109,421.175,383.098,395.96,408.097,416.237,3.5785
2021-12-27 12:00:00+01:00,56694.55,2.8218,173770.30000000002,1515.613,361.651,420.872,382.469,395.289,407.361,415.594,3.589
2021-12-27 18:00:00+01:00,56662.98000000001,2.83075,173983.7,1712.6560000000002,361.115,420.208,381.559,394.36,406.457,414.615,3.51444
2021-12-28 00:00:00+01:00,56510.520000000004,2.83405,174152.0,1345.047,360.886,420.015,381.532,394.21,406.574,414.685,3.503
2021-12-28 06:00:00+01:00,56474.990000000005,2.84473,174867.0,1620.0140000000001,361.028,419.995,381.624,394.124,406.077,414.599,3.4745
2021-12-28 12:00:00+01:00,56524.380000000005,2.82065,173600.90000000002,1303.852,361.029,419.995,381.587,394.092,406.278,414.54,3.432
2021-12-28 18:00:00+01:00,56558.810000000005,2.82414,173677.90000000002,1700.4680000000003,360.981,420.208,381.551,394.082,406.395,414.562,3.438
2021-12-29 00:00:00+01:00,56404.26,2.82298,172664.80000000002,1244.3090000000002,361.164,420.008,381.713,394.295,406.407,414.701,3.43996
2021-12-29 06:00:00+01:00,56333.200000000004,2.83396,173967.2,1450.5370000000003,361.367,420.439,381.95,394.533,406.739,415.072,3.457
2021-12-29 12:00:00+01:00,56541.100000000006,2.82331,174051.90000000002,1538.46,361.096,419.985,381.609,394.206,406.382,414.755,3.45372
2021-12-29 18:00:00+01:00,56577.840000000004,2.79746,172890.30000000002,1606.88,360.978,419.638,381.195,393.709,405.894,414.073,3.476
2021-12-30 00:00:00+01:00,56556.060000000005,2.82694,173996.90000000002,1498.585,361.47,420.289,382.25,394.889,407.113,415.287,3.4749999999999996
2021-12-30 06:00:00+01:00,56285.240000000005,2.81046,172450.30000000002,1840.421,360.791,420.122,381.236,393.837,406.248,414.583,3.5095
2021-12-30 12:00:00+01:00,56330.67,2.81135,172605.40000000002,1666.082,359.773,418.631,379.644,392.111,404.248,412.667,3.5535
2021-12-30 18:00:00+01:00,56240.8,2.82025,172911.2,1664.971,359.8,418.727,379.708,392.009,404.393,412.797,3.72171
2021-12-31 00:00:00+01:00,56258.29000000001,2.83334,173262.1,1775.5540000000003,359.587,418.469,379.267,391.613,403.697,412.134,3.76076
2021-12-31 06:00:00+01:00,56397.66,2.81948,172999.2,1747.8340000000003,359.199,418.219,378.812,391.123,403.378,411.773,3.78822
2021-12-31 12:00:00+01:00,56339.25000000001,2.80763,172546.0,1711.9740000000002,359.497,418.392,379.184,391.452,403.554,411.976,3.7735
2021-12-31 18:00:00+01:00,56407.780000000006,2.81671,172871.6,1707.4640000000002,359.42,418.178,379.11,391.122,403.284,411.715,3.8242399999999996
2022-01-01 00:00:00+01:00,56200.76,2.82269,172498.7,1329.394,359.327,418.146,378.923,391.131,403.497,411.983,3.8605000000000005
2022-01-01 06:00:00+01:00,56387.87,2.83032,172612.0,1476.9150000000002,359.411,418.222,378.978,391.188,403.31,411.886,3.9244999999999997
2022-01-01 12:00:00+01:00,56388.75000000001,2.81348,172849.6,1360.2050000000002,359.66,418.376,379.206,391.621,403.537,412.116,3.9219
2022-01-01 18:00:00+01:00,56463.11,2.79929,172324.90000000002,1554.8390000000002,359.867,419.01,379.961,392.159,404.48,412.86,3.917
2022-01-02 00:00:00+01:00,56409.87,2.77988,170765.1,1234.64,359.774,419.121,380.22,392.583,404.755,413.117,3.965
2022-01-02 06:00:00+01:00,56309.880000000005,2.79063,170948.80000000002,1224.971,360.079,419.261,380.56,392.927,405.343,413.698,4.0205
2022-01-02 12:00:00+01:00,56367.19000000001,2.77344,170239.30000000002,1311.3540000000003,359.967,419.471,380.202,392.918,405.002,413.484,4.0135000000000005
2022-01-02 18:00:00+01:00,56309.11,2.7915,171140.2,1577.5870000000002,359.74,419.212,379.739,392.364,404.689,413.23,4.05518
